-02:37:22|-02:19:50|
-02:15:33|-02:14:14|
-02:10:55|-02:08:53|
-02:05:54|-02:04:32|
-02:00:15|-01:59:24|
-01:46:24|-01:45:53|
-01:42:00|-01:40:53|
-01:31:51|-01:30:54|
-01:26:38|-01:25:54|
-01:24:01|-01:22:59|
-01:22:24|-01:21:57|
-01:21:25|-01:21:13|
-01:15:19|-01:14:42|
-01:13:14|-01:11:56|
-01:11:04|-01:09:13|
-01:07:56|-01:06:57|
-01:03:02|-01:02:12|
-01:01:14|-00:52:41|
-00:49:06|-00:47:21|
-00:46:41|-00:45:47|
-00:45:23|-00:43:54|
-00:43:32|-00:42:30|
-00:42:07|-00:41:21|
-00:40:55|-00:40:20|
-00:39:56|-00:39:12|
-00:38:48|-00:36:12|
-00:31:21|-00:30:14|
-00:26:12|000:00:00|
000:00:00|000:04:25|
000:04:31|000:05:26|
000:05:42|000:06:11|
000:06:47|000:07:23|
000:09:25|000:10:18|
000:10:35|000:11:14|
002:52:38|002:53:58|
002:54:13|002:54:38|
002:54:48|002:55:29|
003:50:32|003:59:26|
004:49:51|004:55:03|
034:10:07|034:22:28|
042:59:33|043:49:07|
045:30:19|045:47:48|
046:03:55|046:24:15|
089:09:01|089:18:23|
106:53:17|106:56:47|
110:07:55|110:11:55|
110:47:32|110:54:04|
110:59:18|111:01:04|
112:54:54|112:55:47|
112:57:52|113:03:00|
117:11:36|117:26:07|
118:14:09|119:04:56|
119:04:56|119:12:52|3D
119:12:52|121:36:13|
121:36:13|122:06:49|3D
122:06:49|122:33:00|
122:35:46|122:49:45|3D
122:54:58|123:13:34|
123:18:04|123:32:15|
140:45:54|141:21:59|
141:30:49|142:45:54|3D
142:45:54|143:45:48|
143:45:48|144:30:46|3D
144:30:46|145:03:52|
145:03:52|145:24:22|3D
145:24:22|145:54:50|
145:54:50|146:26:18|3D
146:26:18|146:52:34|
146:52:34|147:15:24|3D
147:15:24|147:42:14|
163:46:31|164:11:20|
164:11:20|164:53:36|3D
164:53:36|166:00:19|
166:00:19|166:11:08|3D
166:11:08|166:29:46|
166:29:46|166:50:00|3D
166:50:00|167:32:20|
167:32:20|167:55:40|3D
167:55:40|168:47:07|
168:47:07|169:19:50|3D
169:19:50|169:52:49|
169:52:49|169:56:38|3D
169:56:38|169:56:57|
169:56:57|170:01:51|3D
170:01:51|170:42:43|
187:58:30|188:08:58|
188:09:04|189:01:24|
189:36:26|189:46:40|
190:01:40|190:21:43|
193:58:03|194:02:28|
236:57:32|237:43:44|
256:26:26|256:29:38|
257:39:36|258:28:32|
284:06:54|284:33:44|
304:19:03|304:38:21|
304:40:47|304:45:36|
304:45:38|304:45:45|
304:45:49|304:45:55|
304:46:02|304:46:09|
304:46:14|304:46:28|
304:46:32|304:46:38|
304:46:42|304:46:47|
304:46:53|304:46:58|
304:47:02|304:47:18|
304:47:20|304:47:35|
304:47:37|304:47:42|
304:47:45|304:48:00|
304:48:03|304:48:21|
304:54:50|304:57:46|
305:00:18|305:14:50|
305:24:28|305:53:24|
