NASA PHOTO NO.|photo_num|mag_number|mag_code|film_type|revolution_num|alt_km|sun_elevation|lens_mm|camera_tilt|camera_azimuth|principal_lat|principal_long|description
151-23106|23106|151|OO|S0-368|01|134|00|80|59|316|13.8 S|152.8 W|GALOIS
151-23107|23107|151|OO|S0-368|01|||80||||155.5 W|DOPPLER, KOROLEV
151-23108|23108|151|OO|S0-368|01|123|05|80|48|338|14.6 S|157.4 W|DOPPLER, KOROLEV
151-23109|23109|151|OO|S0-368|01|||80||||157.0 W|KOROLEV
151-23110|23110|151|OO|S0-368|01|||80||||157.0 W|KOROLEV
151-23111|23111|151|OO|S0-368|01|||80||||157.0 W|DOPPLER, KOROLEV
151-23624|23624|151|OO|2485|02|105|04|80|63|165|26.9 S|158.3 W|DRYDEN, WALKER, APOLLO
150-22942|22942|151|LL|SO-368|16|114|02|80|56|185|25.3 S|169.3 W|RUMFORD, SNIADECKI
150-22943|22943|151|LL|SO-368|16|114|02|80|57|185|24.6 S|169.5 W|RUMFORD, SNIADECKI
151-23112|23112|151|OO|SO-368|01|120|08|80|69|355|01.1 S|160.1 W|DOPPLER, KOROLEV
151-23113|23113|151|OO|SO-368|01|119|07|80|59|352|11.3 S|160.0 W|DOPPLER, KOROLEV
151-23114|23114|151|OO|SO-368|01|117|11|80|66|351|06.7 S|163:1 W|DOPPLER, KOROLEV, CROOKES
151-23115|23115|151|OO|SO-368|01|116|10|80|56|357|12.1 S|162.3 W|DOPPLER, KOROLEV, CROOKES
151-23116|23116|151|OO|SO-368|01|115|11|80|53|352|12.7 S|163.7 W|KOROLEV, CROOKES
151-23117|23117|151|OO|SO-368|01|114|12|80|56|356|11.9 S|164.1 W|KOROLEV, CROOKES
151-23118|23118|151|OO|SO-368|01|114|09|80|63|345|10.2 S|161.6 W|KOROLEV, CROOKES
151-23119|23119|151|OO|SO-368|01|113|15|80|62|347|09.7 S|167.1 W|CROOKES
151-23120|23120|151|OO|SO-368|01|111|16|80|63|352|09.1 S|168.1 W|CROOKES, ICARUS
151-23121|23121|151|OO|SO-368|01|111|15|80|41|354|14.3 S|168.0 W|CROOKES, SW OF
151-23191|23191|151|OO|SO-368|01|105|13|250|40|168|20.8 S|169.1 W|SNIADECKI, N OF
151-23192|23192|151|OO|SO-368|04|105|13|250|49|055|20.4 S|168.9 W|SNIADECKI, N OF
151-23193|23193|151|OO|SO-368|04|104|13|250|51|053|20.9 S|169.5 W|SNIADECKI, N RIM
154-23625|23625|154|QQ|2485|02|105|07|80|63|182|27.1 S|162.1 W|DRYDEN, WALKER, APOLLO, OPPENHEIMER
162-24101|24101|162|SS|SO-168|15|||55||||166.0 W|FARSIDE TERMINATOR
162-24103|24103|162|SS|SO-168|15|112|02|55|65|237|25.4 S|168.5 W|RUMFORD, ORLOV
150-22944|22944|150|LL|SO-368|16|114|03|80|58|190|25.9 S |170.3 W|RUMFORD, SNIADECKI
150-22945|22945|150|LL|SO-368|16|114|04|80|57|193|25.6 S |171.2 W|RUMFORD, SNIADECKI, ORLOV
150-22946|22946|150|LL|SO-368|16|114|05|80|56|194|25.1 S |172.7 W|RUMFORD, ORLOV
150-22947|22947|150|LL|SO-368|16|115|06|80|55|195|24.8 S |174.1 W|ORLOV, LEEUWENHOEK
150-22948|22948|150|LL|SO-368|16|115|08|80|55|195|25.3 S |175.2 W|ORLOV, LEEUWENHOEK
150-22949|22949|150|LL|SO-368|16|115|08|80|50|199|23.4 S |175.8 W|ORLOV, LEEUWENHOEK
150-22950|22950|150|LL|SO-368|16|115|09|80|46|194|22.5 S |177.1 W|DE VRIES, S WALL
150-22951|22951|150|LL|SO-368|16|116|10|80|48|197|22.8 S |178.0 W|LEEUWENHOEK, NASSAU
150-22952|22952|150|LL|SO-368|16|116|11|80|45|193|22.0 S |178.7 W|NASSAU
150-22953|22953|150|LL|SO-368|17|116|12|80|45|198|22.0 S |180 W|NASSAU
151-23122|23122|151|OO|SO-368|01|110|21|80|54|293|15.3 S |173.6 W|MCKELLAR, W WALL
151-23123|23123|151|OO|SO-368|01|110|22|80|56|280|16.3 S |174.9 W|RACAH
151-23124|23124|151|OO|SO-368|01|109|23|80|59|276|16.6 S |176.5 W|RACAH
151-23125|23125|151|OO|SO-368|01|109|23|80|58|278|16.3 S |176.7 W|RACAH
151-23126|23126|151|OO|SO-368|01|108|24|80|57|281|16.0 S |177.0 W|RACAH
151-23127|23127|151|OO|SO-368|01|107|26|80|62|281|15.4 S |179.5 W|RACAH
159-23917|23917|159|XX|2435|26|118|10|55|28|315|17.0 S |173.4 W|AITKEN
162-24102|24102|162|SS|SO-168|15|110|05|55|70|288|14.4 S |171.2 W|MCKELLAR
162-24104|24104|162|SS|SO-168|15|113|04|55|58|230|23.9 S |170.4 W|SNIADECKI, ORLOV
162-24105|24105|162|SS|SO-168|15|114|08|55|60|239|23.1 S |174.4 W|ORLOV
162-24106|24106|162|SS|SO-168|15|114|06|55|65|345|09.4 S|172.2 W|AMICI, ICARUS
149-22795|22795|149|KK|SO-368|16|118|18|250|15|194|18.0 S|174.6 E|AITKEN, SE WALL
149-22796|22796|149|KK|SO-368|16|118|19|250|08|200|17.4 S|174.1 E|AITKEN, SE WALL
149-22797|22797|149|KK|SO-368|16|118|20|250|18|195|17.9 S|172.7 E|AITKEN, FLOOR '
149-22798|22798|149|KK|SO-368|16|118|21|250|10|188|17.2 S|172.4 E|AITKEN, FLOOR
149-22799|22799|149|KK|SO-368|16|118|22|250|03|203|16.5 S|171.3 E|AITKEN, W WALL
149-22800|22800|149|KK|SO-368|16|119|22|250|04|210|16.5 S|171.1 E|AITKEN, W WALL
150-22954|22954|150|LL|SO-368|17|116|12|80|35|197|20.7 S|179.7 E|BERGSTRAND, SE OF
150-22955|22955|150|LL|SO-368|17|116|13|80|34|200|20.4 S|178.8 E|BERGSTRAND, SE OF
150-22956|22956|150|LL|SO-368|17|117|14|80|34|198|20.3 S|177.8 E|BERGSTRAND, SE OF
150-22957|22957|150|LL|SO-368|17|117|15|80|34|194|20.2 S|176.6 E|BERGSTRAND
150-22958|22958|150|LL|SO-368|17|117|16|80|37|191|20.3 S|175.4 E|BERGSTRAND
150-22959|22959|150|LL|SO-368|17|117|18|80|57|199|23.6 S|173.5 E|VAN DE GRAFF
150-22960|22960|150|LL|SO-368|17|118|18|80|39|193|20.2 S|174.0 E|AITKEN, S WALL
150-22961|22961|150|LL|SO-368|17|118|19|80|38|199|19.9 S|173.1 E|AITKEN, S WALL
150-22962|22962|150|LL|SO-368|17|118|19|80|15|201|17.8 S|172.9 E|AITKEN
150-22963|22963|150|LL|SO-368|17|118|20|80|33|197|19.3 S|172.2 E|AITKEN, S WALL
150-22964|22964|150|LL|SO-368|17|118|21|80|32|196|19.0 S|171.2 E|AITKEN, SW WALL
150-22965|22965|150|LL|SO-368|17|118|20|80|15|187|17.6 S|171.9 E|AITKEN
150-22966|22966|150|LL|SO-368|17|118|21|80|29|194|18.6 S|171.0 E|AITKEN,SW WALL
151-23128|23128|151|OO|SO-368|02|||80||||179.0 E|RACAH, W WALL
151-23129|23129|151|OO|SO-368|02|106|27|80|62|294|13.5 S|179.9 E|RACAH
151-23130|23130|151|OO|SO-368|02|106|27|80|60|292|13.8 S|179.8 E|RACAH
151-23131|23131|151|OO|SO-368|02|105|27|80|59|291|14.2 S|179.5 E|RACAH
151-23132|23132|151|OO|SO-368|02|||80||||176.0 E|DAEDALUS, W OF
151-23133|23133|151|OO|SO-368|02|100|30|80|62|344|08.0 S|176.8 E|DAEDALUS
151-23134|23134|151|OO|SO-368|02|100|30|80|62|353|07.4 S|177.2 E|DAEDALUS
151-23135|23135|151|OO|SO-368|02|099|30|80|62|003|07.4 S|177.7 E|DAEDALUS, W WALL
151-23136|23136|151|OO|SO-368|02|||80||||177.0 E|DAEDALUS
151-23137|23137|151|OO|SO-368|02|||80||||179.2 E|DAEDALUS, W WALL
151-23138|23138|151|OO|SO-368|02|098|32|80|67|000|03.8 S|175.4 E|DAEDALUS
151-23139|23139|151|OO|SO-368|02|098|33|80|63|356|06.5 S|174.3 E|DAEDALUS, W OF
151-23140|23140|151|OO|SO-368|02|098|33|80|60|359|07.3 S|174.0 E|DAEDALUS, W OF
151-23194|23194|151|OO|SO-368|05|100|30|250|39|152|16.8 S|172.9 E|AITKEN
151-23195|23195|151|OO|SO-368|05|100|31|250|40|158|16.6 S|172.6 E|AITKEN
151-23210|23210|151|OO|SO-368|28|117|08|80|57|292|16.8 S|174.0 E|AITKEN
153-23516|23516|153|MM|SO-368|36|117|00|250|66|231|26.4 S|173.6 E|VAN DE GRAAFF
153-23518|23518|153|MM|SO-368|36|117|01|250|64|224|27.2 S|172.9 E|VAN DE GAAAFF, THOMSON
153-23520|23520|153|MM|SO-368|36|117|01|250|66|211|30.2 S|172.9 E|VAN DE GRAAFF, BIRKELAND
153-23521|23521|153|MM|SO-368|36|117|03|250|67|224|28.6 S|170.4 E|VAN DE GRAAFF
153-23526|23526|153|MM|SO-368|36|118|03|250|64|223|27.0 S|170.5 E|VAN DE GRAAFF, ZELINSKY
153-23527|23527|153|MM|SO-368|36|118|03|250|66|209|30.0 S|171.0 E|VAN DE GRAAFF, THOMSON, BIRKELAND
154-23683|23683|154|QQ|2485|37|118||250||||173.0 E|NEAR AITKEN, NOT LOCATED
154-23684|23684|154|QQ|2485|37|118|02|250|66|344|07.9 S|170.9 E|HEAVISIDE, NE OF
159-23932|23932|159|XX|2485|30|119|06|55|22|004|17.0 S|173.6 E|AITKEN
149-22801|22801|149|KK|SO-368|16|119|23|250|27|212|18.0 S|169.9 E|AITKEN, SW FLANK
149-22802|22802|149|KK|SO-368|16|119|24|250|13|205|16.6 S|168.4 E|HEAVISIDE, S OF
149-22803|22803|149|KK|SO-368|16|119|25|250|66|207|16.0 S|168.0 E|HEAVISIDE, S OF
149-22804|22804|149|KK|SO-368|16|119|25|250|33|203|15.8 S|167.5 E|HEAVISIDE, S OF
149-22805|22805|149|KK|SO-368|16|119|26|250|04|207|15.6 S|167.1 E|HEAVISIDE, S OF
149-22806|22806|149|KK|SO-368|16|120|27|250|03|205|15.4 S|166.3 E|HEAVISIDE, S OF
149-22807|22807|149|KK|SO-368|16|120|27|250|02|205|15.2 S|165.8 E|HEAVISIDE, S OF
149-22808|22808|149|KK|SO-368|16|120|28|250|22|152|16.1 S|164.9 E|HEAVISIDE, S OF
149-22809|22809|149|KK|SO-368|16|120|28|250|15|140|15.5 S|164.6 E|HEAVISIDE, S OF
149-22810|22810|149|KK|SO-368|16|120|28|250|30|162|16.9 S|164.4 E|HEAVISIDE, S OF
149-22811|22811|149|KK|SO-368|16|120|30|250|21|180|16.0 S|163.1 E|HEAVISIDE, S OF
149-22812|22812|149|KK|SO-368|16|121|31|250|VERT||14.1 S|161.7 E|KEELER, S OF
149-22813|22813|149|KK|SO-368|16|121|31|250|03|045|13.9 S|161.7 E|KEELER, S OF
149-22814|22814|149|KK|SO-368|16|121|31|250|10|043|13.5 S|161.7 E|KEELER, S OF
149-22815|22815|149|KK|SO-368|16|121|32|250|15|215|14.8 S|160.2 E|GEIGER, E OF
149-22816|22816|149|KK|SO-368|16|121|33|250|02|212|13.8 S|160.1 E|GEIGER, E OF
150-22967|22967|150|LL|SO-368|17|119|22|80|24|191|17.9 S|169.4 E|AITKEN, W OF
150-22968|22968|150|LL|SO-368|17|119|23|80|25|193|17.8 S|168.4 E|AITKEN, W OF
150-22969|22969|150|LL|SO-368|17|119|24|80|34|192|18.4 S|167.7 E|AITKEN, W OF
150-22970|22970|150|LL|SO-368|17|119|26|80|43|197|19.2 S|165.6 E|PARACELSUS
150-22971|22971|150|LL|SO-368|17|120|27|80|48|194|19.8 S|164.1 E|PARACELSUS
150-22972|22972|150|LL|SO-368|17|120|28|80|49|191|19.8 S|163.5 E|PARACELSUS
150-22973|22973|150|LL|SO-368|17|120|29|80|47|199|19.2 S|162.2 E|PARACELSUS, BARBIER
150-22974|22974|150|LL|SO-368|17|120|30|80|39|205|17.6 S|161.6 E|CYRANO, NE RIM
150-22975|22975|150|LL|SO-368|17|120|30|80|50|197|19.6 S|161.3 E|PARACELSUS, BARBIER
151-23141|23141|151|OO|SO-368|02|097|40|80|69|333|02.6 S|167.7 E|HEAVISIDE, N OF
151-23142|23142|151|OO|SO-368|02|096|40|80|63|338|06.0 S|167.2 E|HEAVISIDE, N WALL
151-23143|23143|151|OO|SO-368|02|096|39|80|62|349|05.8 S|168.0 E|HEAVISIDE, N WALL
151-23144|23144|151|OO|SO-368|02|096|40|80|61|345|05.9 S|166.8 E|HEAVISIDE, N WALL
151-23145|23145|151|OO|SO-368|02|095|41|80|64|008|03.9 S|166.5 E|HEAVISIDE, N WALL, STRATTON, DEWAR
151-23146|23146|151|OO|SO-368|02|095|43|80|62|000|04.4 S|164.8 E|HEAVISIDE, N WALL,STRATTON, DEWAR
151-23147|23147|151|OO|SO-368|02|094|44|80|61|359|04.4 S|163.8 E|KEELER, N WALL, STRATTON, DEWAR
151-23148|23148|151|OO|SO-368|02|094|45|80|62|355|03.8 S|162.6 E|KEELER, N WALL, STRATTON, DEWAR
151-23149|23149|151|OO|SO-368|02|094|46|80|61|352|04.2 S|161.4 E|KEELER, N WALL
151-23234|23234|151|OO|SO-368|41|121|07|80|65|151|27.7 S|160.9 E|CYRANO, PARACELSUS, THOMSON
153-23517|23517|153|MM|SO-368|36|117|04|250|68|231|29.4 S|169.4 E|VAN DE GRAAFF, THOMSON
153-23523|23523|153|MM|SO-368|36|118|05|250|67|224|29.4 S|168.7 E|VAN DE GRAAFF, THOMSON
153-23524|23524|153|MM|SO-368|36|118|04|250|67|223|29.0 S|169.1 E|VAN DE GRAAFF, THOMSON, ZELINSKY
153-23525|23525|153|MM|SO-368|36|118|05|250|67|224|28.6 S|168.9 E|VAN DE GRAAFF, THOMSON, ZELINSKY
153-23528|23528|153|MM|SO-368|36|118|05|250|66|222|28.3 S|168.0 E|VAN DE GRAAFF, THOMSON, ZELINSKY
153-23529|23529|153|MM|SO-368|36|118|06|250|66|223|28.1 S|167.6 E|VAN DE GRAAFF, THOMSON, ZELINSKY
153-23530|23530|153|MM|SO-368|36|118|06|250|65|222|27.6 S|167.4 E|VAN DE GRAAFF, E WALL, ZELINSKY
153-23531|23531|153|MM|SO-368|36|118|06|250|65|224|27.1 S|167.0 E|ZELINSKY, THOMSON, lNGENUITY, SEA OF
153-23532|23532|153|MM|SO-368|36|118|06|250|65|224|27.0 S|166.8 E|ZELINSKY, THOMSON, lNGENUITY, SEA OF
153-23533|23533|153|MM|SO-368|36|118|06|250|64|225|26.5 S|166.8 E|ZELINSKY, THOMSON, lNGENUITY, SEA OF
153-23534|23534|153|MM|SO-368|36|119|08|250|64|223|27.0 S|165.6 E|ZELINSKY, lNGENUITY, SEA OF
153-23535|23535|153|MM|SO-368|36|119|08|250|65|222|27.6 S|164.8 E|lNGENUITY, SEA OF
153-23536|23536|153|MM|SO-368|36|119|09|250|66|223|27.8 S|164.2 E|O' DAY, INGENUITY, SEA OF
153-23537|23537|153|MM|SO-368|36|119|09|250|66|224|27.7 S|163.7 E|O' DAY, INGENUITY, SEA OF
153-23538|23538|153|MM|SO-368|36|119|09|250|65|222|27.5 S|163.4 E|INGENUITY, SEA OF
153-23539|23539|153|MM|SO-368|36|119|10|250|65|223|27.5 S|163.1 E|O' DAY, INGENUITY, SEA OF
153-23540|23540|153|MM|SO-368|36|119|10|250|64|226|26.5 S|163.2 E|O' DAY, INGENUITY, SEA OF
153-23541|23541|153|MM|SO-368|36|119|09|250|60|228|24.5 S|164.6 E|PARACELSUS, INGENUITY, SEA OF
153-23542|23542|153|MM|SO-368|36|119|06|250|67|195|32.1 S|167.2 E|VAN DE GRAAFF, ZELINSKY, THOMSON
153-23543|23543|153|MM|SO-368|36|119|07|250|67|197|31.3 S|166.4 E|ZELINSKY, THOMSON
153-23544|23544|153|MM|SO-368|36|119|08|250|67|206|31.0 S|164.2 E|ZELINSKY, THOMSON, lNGENUITY, SEA OF
153-23555|23555|153|MM|SO-368|36|120|09|250|64|189|29.0 S|164.0 E|THOMSON, INGENUITY, SEA OF
154-23685|23685|154|QQ|2485|37|119|05|250|64|342|09.8 S|168.2 E|HEAVISIDE, E HALF, STRATTON
154-23686|23686|154|QQ|2485|37|119|08|250|64|325|10.7 S|164.9 E|HEAVISIDE, W HALF, KEELER, NE WALL
154-23687|23687|154|QQ|2485|37|119|05|250|37|340|16.0 S|167.3 E|HEAVISIDE, S OF
154-23688|23688|154|QQ|2485|37|120|10|250|63|325|11.0 S|162.3 E|KEELER
154-23689|23689|154|QQ|2485|37|120|06|250|63|355|09.4 S|166.6 E|HEAVISIDE
149-22817|22817|149|KK|SO-368|16|121|34|250|07|025|13.0 S|159.0 E|GEIGER, N OF
149-22818|22818|149|KK|SO-368|16|121|35|250|03|026|12.9 S|157.9 E|GEIGER, N OF
149-22819|22819|149|KK|SO-368|16|121|36|250|06|027|12.5 S|157.1 E|GEIGER, NW OF
149-22820|22820|149|KK|SO-368|16|122|36|250|06|026|12.4 S|156.5 E|GEIGER, NW OF
149-22821|22821|149|KK|SO-368|16|122|37|250|03|027|12.5 S|156.2 E|GEIGER, NW OF
149-22822|22822|149|KK|SO-368|16|122|38|250|07|021|11.8 S|154.8 E|BEIJERINCK, NE OF
149-22823|22823|149|KK|SO-368|16|122|40|250|38|211|15.1 S|152.6 E|BEIJERINCK, SE RIM
149-22824|22824|149|KK|SO-368|16|122|39|250|25|207|13.9 S|153.4 E|BEIJERINCK, E RIM
149-22825|22825|149|KK|SO-368|16|122|40|250|09|017|11.1 S|152.9 E|BEIJERINCK, N OF
149-22826|22826|149|KK|SO-368|16|122|41|250|05|195|11.9 S|152.1 E|BEIJERINCK, N RIM
149-22827|22827|149|KK|SO-368|16|122|41|250|13|194|12.3 S|151.4 E|BEIJERINCK, N WALL
149-22828|22828|149|KK|SO-369|16|123|43|250|17|022|09.7 S|150.4 E|CHAPLYGIN, S OF
150-22976|22976|150|LL|SO-368|17|120|31|80|50|207|18.9 S|159.6 E|CYRANO, BARBIER
150-22977|22977|150|LL|SO-368|17|120|32|80|54|198|19.8 S|158.8 E|CYRANO, BARBIER
150-22978|22978|150|LL|SO-368|17|121|33|80|45|207|17.6 S|157.8 E|CYRANO
150-22979|22979|150|LL|SO-368|17|121|34|80|28|204|15.6 S|157.8 E|GEIGER
150-22980|22980|150|LL|SO-368|17|121|35|80|31|191|15.6 S|156.7 E|GEIGER, SW WALL
150-22981|22981|150|LL|SO-368|17|121|35|80|30|196|15.3 S|155.9 E|GEIGER, W OF
150-22982|22982|150|LL|SO-368|17|121|36|80|28|200|14.9 S|155.0 E|GEIGER, W OF
150-22983|22983|150|LL|SO-368|17|122|38|80|31|204|14.8 S|153.7 E|BEIJERINCK, E WALL
150-22984|22984|150|LL|SO-368|17|122|39|80|33|201|14.7 S|152.4 E|GAGARIN, BEIJERINCK
150-22985|22985|150|LL|SO-368|17|122|40|80|27|201|13.8 S|151.7 E|BEIJERINCK
150-22986|22986|150|LL|SO-368|17|122|40|80|24|191|13.3 S|151.2 E|BEIJERINCK
151-23150|23150|151|OO|SO-368|02|094|48|80|63|347|03.2 S|159.8 E|KEELER, N WALL, VENTRIS
151-23151|23151|151|OO|SO-368|02|094|49|80|60|341|04.3 S|158.7 E|VENTRIS, SCHLIEMANN
151-23152|23152|151|OO|SO-368|02|||80||||158.0 E|VENTRIS, SCHLIEMANN
151-23153|23153|151|OO|SO-368|02|094|50|80|56|342|04.6 S|157.4 E|VENTRIS, SCHLIEMANN
151-23154|23154|151|OO|SO-368|02|094|52|80|58|329|04.5 S|155.3 E|VENTRIS, SCHLIEMANN
151-23155|23155|151|OO|SO-368|02|094|53|80|61|332|03.3 S|154.3 E|VENTRIS, SCHLIEMANN
151-23156|23156|151|OO|SO-368|02|094|53|80|56|332|04.2 S|154.1 E|SCHLIEMANN, CHAPLYGIN
151-23157|23157|151|OO|SO-368|02|094|54|80|53|332|04.4 S|153.4 E|SCHLIEMANN, CHAPLYGIN
151-23158|23158|151|OO|SO-368|02|094|55|80|57|338|03.2 S|152.7 E|SCHLIEMANN, CHAPLYGIN
151-23159|23159|151|OO|SO-368|02|094|55|80|55|336|03.5 S|151.9 E|SCHLIEMANN, CHAPLYGIN
151-23160|23160|151|OO|SO-368|02|094|56|80|53|339|03.4 S|151.4 E|CHAPLYGIN
151-23161|23161|151|OO|SO-368|02|095|57|80|56|341|02.4 S|150.4 E|CHAPLYGIN
151-23162|23162|151|OO|SO-368|02|095|57|80|60|353|00.9 S|150.5 E|CHAPLYGIN, N WALL
151-23196|23196|151|OO|SO-368|05|089|52|250|51|027|04.1 S|152.0 E|CHAPLYGIN, NW WALL
151-23197|23197|151|OO|SO-368|05|089|52|250|51|028|04.1 S|152.0 E|CHAPLYGIN, NW WALL
151-23198|23198|151|OO|SO-358|05|089|52|250|51|029|04.1 S|151.9 E|CHAPLYGIN, NW WALL
151-23247|23247|151|OO|SO-368|49|||80||||152.0 E|SAENGER
153-23546|23546|153|MM|SO-368|36|119|12|250|67|222|28.7 S|159.9 E|O' DAY, INGENUITY, SEA OF
153-23547|23547|153|MM|SO-368|36|119|13|250|67|224|28.1 S|159.8 E|O' DAY, INGENUITY, SEA OF
153-23548|23548|153|MM|SO-368|36|120|13|250|66|223|27.6 S|159.9 E|O' DAY
153-23549|23549|153|MM|SO-368|36|120|13|250|65|220|27.0 S|159.9 E|O' DAY
153-23550|23550|153|MM|SO-368|36|120|14|250|66|223|27.7 S|158.6 E|O' DAY
153-23551|23551|153|MM|SO-368|36|120|14|250|66|226|27.1 S|157.9 E|O' DAY, SIERPINSKI
153-23552|23552|153|MM|SO-368|36|120|15|250|66|226|27.3 S|157.2 E|O' DAY, SIERPINSKI
153-23553|23553|153|MM|SO-368|36|120|14|250|65|226|26.1 S|158.0 E|BARBIER, SIERPINSKI
153-23554|23554|153|MM|SO-368|36|120|15|250|65|227|26.2 S|157.4 E|BARBIER, SIERPINSKI
153-23556|23556|153|MM|SO-368|36|120|17|250|66|229|26.2 S|155.5 E|BARBIER, SIERPINSKI, H0LETSCHEK
153-23557|23557|153|MM|SO-368|36|120|16|250|65|224|26.4 S|156.0 E|BARBIER, SIERPINSKI, HOLETSCHEK
153-23558|23558|153|MM|SO-368|36|120|16|250|65|221|27.0 S|155.9 E|BARBIER, SIERPINSKI
153-23559|23559|153|MM|SO-368|36|121|16|250|64|223|25.8 S|156.1 E|BARBIER, SIERPINSKI, HOLETSCHEK
153-23560|23560|153|MM|SO-368|36|121|17|250|64|225|25.6 S|155.6 E|BARBIER, SIERPINSKI, HOLETSCHEK
153-23561|23561|153|MM|SO-368|36|121|18|250|64|231|24.6 S|154.6 E|BARBIER, SIERPINSKI, HOLETSCHEK
160-23948|23948|160|YY|2485|49|112|08|55|57|339|14.9 S|153.0 E|BEIJERINCK
149-22829|22829|149|KK|SO-368|16|123|44|250|12|018|09.7 S|149.0 E|CHAPLYGIN, S OF
149-22830|22830|149|KK|SO-368|16|123|45|250|12|197|11.3 S|148.1 E|CHAPLYGIN, S OF
149-22831|22831|149|KK|SO-368|16|123|46|250|04|022|09.7 S|146.9 E|MARCONI, E OF
149-22832|22832|149|KK|SO-368|16|123|47|250|24|200|11.4 S|145.2 E|MARCONI, S OF
149-22833|22833|149|KK|SO-368|16|123|48|250|02|196|09.6 S|145.3 E|MARCONI
149-22834|22834|149|KK|SO-368|16|124|48|250|03|188|09.5 S|144.6 E|MARCONI
149-22835|22835|149|KK|SO-368|16|124|49|250|05|199|09.4 S|143.9 E|MARCONI, W WALL
149-22836|22836|149|KK|SO-368|16|124|50|250|21|200|10.3 S|142.2 E|MARCONI, W OF
150-22987|22987|150|LL|SO-368|17|122|42|80|27|199|13.3 S|149.9 E|BEIJERINCK, W WALL
150-22988|22988|150|LL|SO-368|17|122|43|80|33|202|13.5 S|148.6 E|GAGARIN, N WALL
150-22989|22989|150|LL|SO-368|17|123|43|80|32|200|13.4 S|148.0 E|GAGARIN, NW WALL
150-22990|22990|150|LL|SO-368|17|123|45|80|39|203|13.7 S|146.3 E|GAGARIN, DENNING
150-22991|22991|150|LL|SO-368|17|123|45|80|21|194|11.8 S|146.5 E|MARCONI, SE RIM
150-22992|22992|150|LL|SO-368|17|123|46|80|21|192|11.5 S|145.5 E|MARCONI
150-22993|22993|150|LL|SO-368|17|123|49|80|51|215|14.1 S|141.7 E|DENNING
150-22994|22994|150|LL|SO-368|17|123|48|80|26|195|11.2 S|143.7 E|MARCONI
150-23102|23102|150|LL|SO-368|30|124|34|250|46|166|17.2 S|143.9 E|GAGARIN, W OF
151-23163|23163|151|OO|SO-368|02|095|58|80|64|355|00.8 N|149.6 E|CHAPLYGIN, N OF
151-23164|23164|151|OO|SO-368|02|095|61|80|48|315|03.7 S|146.7 E|CHAPLYGIN, W OF
151-23165|23165|151|OO|SO-368|02|095|62|80|46|292|04.7 S|145.2 E|VIL' EV
151-23166|23166|151|OO|SO-368|02|096|64|80|65|325|01.0 N|143.0 E|MENDELEEV
151-23235|23235|151|OO|SO-368|41|122|19|80|61|180|24.9 S|147.9 E|GAGARIN, PAVLOV, JULES VERNE
151-23236|23236|151|OO|SO-368|49|112|13|80|38|311|17.6 S|146.9 E|GAGARIN
151-23237|23237|151|OO|SO-368|49|112|15|80|61|194|27.0 S|144.5 E|PAVLOV, LEVI-CIVATA, JULES VERNE
151-23238|23238|151|OO|SO-368|49|112|16|80|61|357|10.7 S|144.3 E|MARCONI
153-23592|23592|153|MM|SO-368|40|123|23|80|60|068|11.1 S|146.2 E|MARCONI , CHAPLYGIN
155-23690|23690|155|RR|2485||||||||150.0 E|GAGARIN, NW RIM
155-23691|23691|155|RR|2485||||||||150.0 E|GAGARIN, NW RIM
155-23692|23692|155|RR|2485|62|115|03|80|68|353|08.1 S|145.0 E|MARCONI, DELLINGER, VIL' EV
155-23693|23693|155|RR|2485|62|||80||||143.7 E|MARCONI , DELLINGER
155-23696|23696|155|RR|2485|62|115|06|80|62|201|29.2 S|141.4 E|PAVLOV
155-23698|23698|155|RR|2485|62|||80||||141.2 E|DELLINGER, MARCONI
160-23949|23949|160|YY|2485|49|112|12|55|48|300|17.6 S|148.0 E|GAGARIN
160-23950|23950|160|YY|2485|49|112|13|55|56|224|24.7 S|147.1 E|GAGARIN, S WALL, PAVLOV
160-23951|23951|160|YY|2485|49|112|11|55|58|204|26.4 S|148.4 E|PAVLOV, JULES VERNE
160-23976|23976|160|YY|2485|56|116|07|55|58|176|27.1 S|145.9 E|PAVLOV, JULES VERNE
160-23977|23977|160|YY|2485|56|116|09|55|53|171|25.4 S|143.6 E|PAVLOV, JULES VERNE
160-23978|23978|160|YY|2485|56|115|09|55|62|085|17.4 S|144.8 E|DENNING, GAGARIN
139-21306|21306|139|K|3401|72|112|07|60|57|222|14.9 S|130.5 E|TSIOLKOVSKY, LANE
139-21327|21327|139|K|3401|74|112|02|250|30|225|23.2 S|133.5 E|STARK, NW OF
139-21328|21328|139|K|3401|74|112|02|250|35|220|23.7 S|133.2 E|STARK, NW OF
139-21329|21329|139|K|3401|74|112|03|250|43|219|24.3 S|132.7 E|STARK, W OF
139-21330|21330|139|K|3401|74|112|03|250|49|218|25.1 S|132.0 E|STARK, W OF
139-21331|21331|139|K|3401|74|112|04|250|55|217|26.3 S|131.0 E|WATERMAN, E OF
139-21332|21332|139|K|3401|74|111|03|250|11|227|21.8 S|132.0 E|TSIOLKOVSKY, SE RIM
139-21333|21333|139|K|3401|74|111|04|250|17|227|22.2 S|131.7 E|TSIOLKOVSKY, SE RIM
139-21334|21334|139|K|3401|74|111|04|250|21|226|22.5 S|131.4 E|TSIOLKOVSKY, SE RIM
139-21335|21335|139|K|3401|74|111|04|250|26|221|22.8 S|131.1 E|TSIOLKOVSKY, SE RIM
139-21336|21336|139|K|3401|74|111|04|250|28|219|23.1 S|130.9 E|TSIOLKOVSKY, SE RIM
139-21337|21337|139|K|3401|74|111|05|250|39|218|23.7 S|130.4 E|TSIOLKOVSKY, SE RIM
139-21338|21338|139|K|3401|74|111|05|250|45|214|24.4 S|130.1 E|WATERMAN, NE RIM
139-21340|21340|139|K|3401|74|111|04|250|08|300|20.8 S|131.5 E|TSIOLKOVSKY, SE RIM
139-21341|21341|139|K|3401|74|111|04|250|09|241|21.3 S|131.1 E|TSIOLKOVSKY, SE RIM
139-21342|21342|139|K|3401|74|111|04|250|10|221|21.5 S|131.1 E|TSIOLKOVSKY, SE RIM
139-21343|21343|139|K|3401|74|111|04|250|16|211|21.9 S|131.0 E|TSIOLKOVSKY, SE RIM
139-21344|21344|139|K|3401|74|111|05|250|23|206|22.5 S|130.8 E|TSIOLKOVSKY, SE RIM
139-21345|21345|139|K|3401|74|111|05|250|27|205|22.8 S|130.5 E|TSIOLKOVSKY, SE RIM
139-21346|21346|139|K|3401|74|111|05|250|35|203|23.5 S|130.3 E|TSIOLKOVSKY, SE RIM
139-21350|21350|139|K|3401|74|111|05|250|VERT||20.9 S|130.8 E|TSIOLKOVSKY, E FLOOR
149-22837|22837|149|KK|SO-368|16|124|56|250|32|264|07.8 S|136.5 E|TEN BRUGGENCATE, N OF
149-22838|22838|149|KK|SO-368|16|125|63|250|57|320|00.6 S|130.1 E|PRAGER, N OF
151-23178|23178|151|OO|SO-368|03|078|67|80|67|014|05.3 N|138.9 E|MENDELEEV
151-23179|23179|151|OO|SO-368|03|078|67|80|67|014|05.3 N|138.7 E|MENDELEEV
151-23212|23212|151|OO|SO-368|38|123|37|250|55|227|17.9 S|132.6 E|TSIOLKOVSKY, NE WALL
151-23213|23213|151|OO|SO-368|38|124|37|250|55|228|17.7 S|132.3 E|TSIOLKOVSKY, NE WALL
151-23239|23239|151|OO|SO-368|49|112|24|80|42|336|13.5 S|135.5 E|CHAUVENET
155-23694|23694|155|RR|2485|62|||80||||139.9 E|DENNING, CHAUVENET, DELLINGER
155-23695|23695|155|RR|2485|62|115|08|80|62|222|27.6 S|138.7 E|PAVLOV, SUBBOTIN
155-23697|23697|155|RR|2485|62|115|15|80|66|282|18.6 S|132.1 E|TSIOLKOVSKY, PIROUET, W WALL
155-23699|23699|155|RR|2485|62|115|14|80|61|276|19.9 S|132.6 E|TSIOLKOVSKY
155-23700|23700|155|RR|2485|62|115|14|80|59|283|18.9 S|133.4 E|TSIOLKOVSKY
155-23701|23701|155|RR|2485|62|115|11|80|58|332|14.3 S|136.6 E|CHAUVENET, TEN BRUGGECATE
155-23702|23702|155|RR|2485|62|115|08|80|61|003|12.4 S|139.7 E|CHAUVENET, DELLINGER
157-23856|23856|157|VV|2485|73|112|06|55|57|228|25.8 S|130.4 E|WATERMAN, NEUJMIN
160-23987|23987|160|YY|2485|67|114|05|55|55|175|26.5 S|136.7 E|SUBBOTIN
160-23988|23988|160|YY|2485|67|114|09|55|29|188|22.2 S|132.8 E|TSIOLKOVSKY, E OF
139-21302|21302|139|K|3401|72|112|07|60|09|214|19.6 S|128.3 E|TSIOLKOVSKY
139-21303|21303|139|K|3401|72|112|09|60|21|207|18.7 S|128.6 E|TSIOLKOVSKY
139-21304|21304|139|K|3401|72|112|09|60|08|071|20.1 S|128.2 E|TSIOLKOVSKY
139-21305|21305|139|K|3401|72|112|08|60|45|227|16.9 S|129.4 E|TSIOLKOVSKY, CHAUVENET
139-21307|21307|139|K|3401|72|112|10|60|35|067|21.0 S|127.0 E|TSIOLKOVSKY
139-21308|21308|139|K|3401|72|111|13|60|46|075|20.0 S|124.1 E|TSIOLKOVSKY, FERMI
139-21309|21309|139|K|3401|72|111|13|60|57|075|20.5 S|124.2 E|TSIOLKOVSKY, FERMI
139-21339|21339|139|K|3401|74|111|06|250|51|211|25.4 S|129.4 E|WATERMAN
139-21347|21347|139|K|3401|74|111|05|250|40|202|24.0 S|130.0 E|TSIOLKOVSKY, SE RIM
139-21348|21348|139|K|3401|74|111|06|250|47|205|24.8 S|129.3 E|WATERMAN, NE RIM
139-21349|21349|139|K|3401|74|111|07|250|55|207|26.2 S|128.3 E|WATERMAN
147-22453|22453|147|A|SO-368|12|080|73|60|04|359|00.7 S|124.2 E|CSM VIEWED FROM LM, BECVAR, NW WALL
147-22454|22454|147|A|SO-368|12|080|75|60|02|358|00.1 S|122.6 E|CSM VIEWED FROM LM, BECVAR, W OF
147-22455|22455|147|A|SO-368|12|078|76|60|12|007|00.7 N|121.6 E|CSM VIEWED FROM LM, BECVAR, W OF
147-22456|22456|147|A|SO-368|12|076|77|60|12|005|01.2 N|120.3 E|CSM VIEWED FROM LM, BECVAR, W OF
149-22780|22780|149|KK|SO-368|01|129|83|80|57|099|05.9 N|120.2 E|KING, RADAR ANTENNA
149-22839|22839|149|KK|SO-368|16|125|70|250|46|252|05.1 S|122.7 E|BECVAR, SW OF
150-23070|23070|150|LL|SO-368|29|126|52|80|40|354|04.8 S|128.5 E|LOVE
150-23071|23071|150|LL|SO-368|29|126|53|80|42|002|03.8 S|127.6 E|LOVE
150-23072|23072|150|LL|SO-368|29|126|53|80|45|001|03.2 S|127.0 E|BECVAR
150-23073|23073|150|LL|SO-368|29|126|56|80|44|348|03.0 S|124.8 E|BECVAR
150-23074|23074|150|LL|SO-368|29|126|56|80|37|357|03.4 S|124.1 E|BECVAR
150-23375|23375|150|LL|SO-368|29|126|57|80|38|354|03.1 S|123.3 E|BECVAR
150-23076|23076|150|LL|SO-368|29|126|58|80|43|357|02.0 S|122.4 E|BECVAR, W RIM
150-23077|23077|150|LL|SO-368|29|126|59|80|42|002|01.8 S|121.7 E|BECVAR, W OF
150-23078|23078|150|LL|SO-368|29|126|60|80|44|359|01.1 S|120.5 E|ABUL WAFA, E OF
150-23103|23103|150|LL|SO-368|30|126|59|250|62|035|04.8 N|120.4 E|KING'
151-23180|23180|151|OO|SO-368|03|075|82|80|73|290|05.5 N|120.5 E|GREGORY, W WALL, KING
151-23181|23181|151|OO|SO-368|03|070|82|80|60|328|06.6 N|120.4 E|KING
151-23214|23214|151|OO|SO-368|38|124|41|250|58|205|18.5 S|128.2 E|TSIOLKOVSKY
151-23215|23215|151|OO|SO-368|38|124|42|250|19|186|12.5 S|129.0 E|PEREPELKIN, S OF
153-23593|23593|153|MM|SO-368|40|124|40|80|35|015|04.3 S|129.7 E|LOVE, PRAGER
157-23828|23828|157|VV|2485|74|111|14|55|63|331|12.1 S|120.8 E|DANJON
157-23829|23829|157|VV|2485|74|111|11|55|60|352|12.6 S|124.5 E|DELPORTE, N WALL, LANGEMAK
157-23830|23830|157|VV|2485|74|111|13|55|45|278|19.4 S|122.0 E|FERMI
157-23831|23831|157|VV|2485|74|111|10|55|46|343|16.2 S|125.3 E|FERMI, N WALL
157-23832|23832|157|VV|2485|74|111|11|55|47|319|16.9 S|124.0 E|FERMI, LUTKE, DELPORTE
157-23833|23833|157|VV|2485|74|111|12|55|52|295|18.0 S|122.6 E|FERMI, LUTKE, DELPORTE
157-23834|23834|157|VV|2485|74|111|11|55|43|275|20.0 S|124.0 E|FERMI
157-23835|23835|157|VV|2485|74|111|11|55|47|286|19.3 S|124.0 E|FERMI
157-23836|23836|157|VV|2485|74|111|08|55|41|346|16.3 S|127.7 E|TSIOLKOVSKY, N OF
157-23837|23837|157|VV|2485|74|111|07|55|21|318|19.6 S|128.2 E|TSIOLKOVSKY, 4 WALL
157-23838|23838|157|VV|2485|74|111|08|55|36|317|18.7 S|127.7 E|TSIOLKOVSKY
157-23839|23839|157|VV|2485|74|111|11|55|56|297|17.9 S|124.4 E|FERMI, LUTKE, DELPORTE
157-23840|23840|157|VV|2485|74|111|05|55|30|340|18.8 S|130.0 E|TSIOLKOVSKY
157-23841|23841|157|VV|2485|74|111|06|55|35|298|19.5 S|128.9 E|TSIOLKOVSKY
157-23851|23851|157|VV|2485|73|111|11|55|36|279|19.7 S|125.3 E|TSIOLKOVSKY, W RIM
157-23852|23852|157|VV|2485|73|111|09|55|23|281|20.0 S|127.2 E|TSIOLKOVSKY
157-23853|23853|157|VV|2485|73|111|06|55|17|009|19.4 S|129.8 E|TSIOLKOVSKY
157-23854|23854|157|VV|2485|73|112|07|55|15|305|20.2 S|129.7 E|TSIOLKOVSKY
157-23855|23855|157|VV|2485|73|112|06|55|11|244|21.0 S|130.0 E|TSIOLKOVSKY
157-23861|23861|157|VV|2485|72|111|11|55|58|176|26.1 S|125.9 E|WATERMAN, NEUJMIN
157-23862|23862|157|VV|2485|72|111|09|55|46|185|24.1 S|127.8 E|WATERMAN
160-23989|23989|160|YY|2485|67|113|13|55|53|191|24.7 S|128.1 E|TSIOLKOVSKY, S WALL, WATERMAN
160-23990|23990|160|YY|2485|67|113|15|55|26|138|19.9 S|127.2 E|TSIOLKOVSKY
139-21284|21284|139|K|3401|64|111|27|60|44|196|19.1 S|117.1 E|FERMI, W OF
147-22457|22457|147|A|SO-368|12|074|80|60|21|335|02.5 N|117.1 E|CSM VIEWED FROM LM, ABUL WAFA. N WALL
147-22458|22458|147|A|SO-368|12|074|81|60|08|333|02.6 N|115.6 E|CSM VIEWED FROM LM, ABUL WAFA, NW WALL
147-22459|22459|147|A|SO-368|12|072|82|60|07|301|02.9 N|114.1 E|CSM VIEWED FROM LM, FIRSOV, SE OF
147-22460|22460|147|A|SO-368|12|070|84|60|08|311|03.7 N|112.1 E|CSM VIEWED FROM LM, FIRSOV, S WALL
147-22461|22461|147|A|SO-368|12|069|84|60|06|276|04.2 N|110.3 E|CSM VIEWED FROM LM, FIRSOV, W OF
149-22781|22781|149|KK|SO-368|01|135|83|80|55|123|04.7 N|113.9 E|FIRSOV, RADAR ANTENNA
149-22782|22782|149|KK|SO-368|01|136|79|80|51|084|09.4 N|113.3 E|LOBACHEVSKY
150-23079|23079|150|LL|SO-368|29|126|61|80|38|000|01.6 S|119.2 E|ABUL WAFA, E OF
150-23080|23080|150|LL|SO-368|29|126|63|80|39|357|01.0 S|117.8 E|ABUL WAFA
150-23081|23081|150|LL|SO-368|29|126|64|80|42|359|00.5 S|116.9 E|ABUL WAFA
150-23082|23082|150|LL|SO-368|29|126|64|80|44|348||116.3 E|ABUL WAFA
150-23083|23083|150|LL|SO-368|29|126|66|80|32|349|00.9 S|114.6 E|ABUL WAFA, BUISSON
150-23084|23084|150|LL|SO-368|29|126|67|80|47|352|01.5 N|113.9 E|ABUL WAFA, BUISSON, FIRSOV
150-23085|23085|150|LL|SO-368|29|126|67|80|52|356|02.8 N|113.6 E|FIRSOV
150-23086|23086|150|LL|SO-368|29|126|67|80|50|356|02.6 N|113.0 E|FIRSOV
150-23087|23087|150|LL|SO-368|29|126|68|80|48|358|02.6 N|112.0 E|FIRSOV
150-23088|23088|150|LL|SO-368|29|126|69|80|53|358|03.8 N|111.1 E|FIRSOV
150-23104|23104|150|LL|SO-368|30|126|65|250|56|037|03.9 N|114.1 E|FIRSOV, E OF
150-23105|23105|150|LL|SO-368|30|126|66|250|42|045|00.1 N|113.0 E|BUISSON, N OF
151-23167|23167|151|OO|SO-368|02|121|86|80|54|211|00.3 N|113.3 E|ABUL WAFA, BUISSON, VESALIUS
151-23168|23168|151|OO|SO-368|02|122|83|80|22|250|05.1 N|114.2 E|FIRSOV
151-23169|23169|151|OO|SO-368|02|123|84|80|23|195|04.2 N|114.5 E|FIRSOV
151-23170|23170|151|OO|SO-368|02|124|85|80|51|194|00.8 N|112.9 E|BUISSON
151-23171|23171|151|OO|SO-368|02|125|84|80|24|156|04.8 N|114.1 E|FIRSOV
151-23172|23172|151|OO|SO-368|02|126|78|80|35|342|09.6 N|111.7 E|LOBACHEVSKY
151-23182|23182|151|OO|SO-368|03|069|82|80|68|306|07.4 N|116.1 E|LOBACHEYSKY, E OF
151-23183|23183|151|OO|SO-368|03|062|82|80|45|004|07.3 N|116.2 E|GUYOT, S OF
151-23184|23184|151|OO|SO-368|03|062|82|80|42|004|07.2 N|116.0 E|GUYOT, S OF
151-23226|23226|151|OO|SO-368|40|124|56|80|61|054|00.9 N|113.5 E|BUISSON, FIRSOV
151-23240|23240|151|OO|SO-368|49|112|41|80|31|308|10.0 S|118.7 E|LANGEMAK
151-23241|23241|151|OO|SO-368|49|112|45|80|65|357|00.3 N|115.7 E|BUISSON, ABUL WAFA
151-23242|23242|151|OO|SO-368|49|112|45|80|64|000|00.1 N|115.4 E|BUISSON, ABUL WAFA
151-23243|23243|151|OO|SO-368|49|112|48|80|63|347|00.2 S|112.4 E|BUISSON, ABUL WAFA
151-23249|23249|151|OO|SO-368|49|112|48|80|62|027|00.5 N|112.2 E|BUISSON, N WALL, ABUL WAFA
151-23826|23826|151|VV|2485||||55||192|40.6 S|119.3 E|PIZZETTI, CLARK, VAN DER WAALS
151-23827|23827|151|VV|2485|74|111|15|55|54|296|17.3 S|119.5 E|DELPORTE, SW OF
151-23850|23850|151|VV|2485|73|111|15|55|58|219|24.8 S|120.0 E|ZHIRITSKY, SCHAEBERLE
147-22462|22462|147|A|SO-368|12|067|84|60|12|276|04.7 N|108.4 E|CSM VIEWED FROM LM, FIRSOV, W OF
150-23089|23089|150|LL|SO-368|29|126|71|80|46|358|02.4 N|108.8 E|FIRSOV, W OF
150-23090|23090|150|LL|SO-368|29|126|73|80|48|333|02.8 N|107.4 E|FIRSOV, W OF
150-23091|23091|150|LL|SO-368|29|126|73|80|41|349|02.6 N|107.6 E|FIRSOV, W OF
150-23092|23092|150|LL|SO-368|29|126|73|80|42|354|03.1 N|107.3 E|SAENGER, E OF
150-23093|23093|150|LL|SO-368|29|126|73|80|45|354|03.9 N|106.7 E|SAENGER, E OF
150-23094|23094|150|LL|SO-368|29|126|75|80|38|351|03.2 N|105.3 E|SAENGER, E WALL
150-23095|23095|150|LL|SO-368|29|126|77|80|37|356|04.1 N|102.9 E|SAENGER
150-23096|23096|150|LL|SO-368|29|126|77|80|42|357|04.6 N|102.1 E|SAENGER
150-23097|23097|150|LL|SO-368|29|126|78|80|41|338|04.5 N|101.2 E|SAENGER
150-23098|23098|150|LL|SO-368|29|126|78|80|38|347|04.6 N|100.8 E|SAENGER, ERRO
150-23099|23099|150|LL|SO-368|29|125|79|80|33|354|04.4 N|100.7 E|SAENGER, ERRO
151-23185|23185|151|OO|SO-368|03|057|77|80|56|004|10.5 N|110.0 E|LOBACHEVSKY, W OF
151-23186|23186|151|OO|SO-368|03|057|72|80|72|358|11.4 N|102.2 E|LOBACHEVSKY, W OF
151-23187|23187|151|OO|SO-368|03|049|68|80|67|019|14.9 N|100.7 E|MOBlUS, POPOV
151-23208|23208|151|OO|SO-368|27|125|73|80|62|335|07.3 N|107.7 E|FIRSOV, W OF
151-23209|23209|151|OO|SO-368|27|125|70|80|65|355|14.0 N|109.9 E|FIRSOV
151-23223|23223|151|OO|SO-368|39|124|65|80|57|048|03.1 N|105.6 E|SAENGER, E WALL
151-23224|23224|151|OO|SO-368|39|124|66|80|61|028|06.2 N|103.8 E|SAENGER
151-23225|23225|151|OO|SO-368|39|124|68|80|61|011|07.3 N|100.9 E|SAENGER, W WALL
151-23227|23227|151|OO|SO-368|40|123|64|80|60|063|02.6 N|105.5 E|SAHA, SAENGER
151-23228|23228|151|OO|SO-368|40|123|63|80|61|082|00.1 N|106.0 E|SAHA
151-23229|23229|151|OO|SO-368|40|123|64|80|60|095|01.6 S|105.0 E|SAHA, EINTHOVIN
151-23232|23232|151|OO|SO-368|40|123|69|80|61|099|00.7 S|100.7 E|SAHA, WYLD
151-23244|23244|151|OO|SO-368|49|112|51|80|64|337||109.9 E|BUISSON
151-23245|23245|151|OO|SO-368|49|112|54|80|64|319|01.5 S|106.1 E|EINTHOVEN
151-23246|23246|151|OO|SO-368|49|112|54|80|62|324|01.6 S|105.5 E|EINTHOVEN
151-23248|23248|151|OO|SO-368|49|112|50|80|59|000|00.2 S|110.0 E|BUISSON
152-23270|23270|152|PP|SO-368|66|113|34|250|57|211|19.4 S|107.3 E|HILBERT, S WALL
139-21285|21285|139|K|3401|64|113|46|60|33|281|09.5 S|99.0 E|GANSKY
149-22840|22840|149|KK|SO-368|52|112|62|80|14|314|02.3 S|95.6 E|PURKYNE, LM RENDEZVOUS
149-22841|22841|149|KK|SO-368|52|112|66|80|11|333|00.4 S|91.5 E|PURKYNE, W OF, LM RENDEZVOUS
150-23100|23100|150|LL|SO-368|29|125|74|80|65|331|04.3 N|96.9 E|GODDARD, IBN YUNUS
150-23101|23101|150|LL|SO-368|29|125|76|80|65|354|12.8 N|91.8 E|DREYER, GINZEL
151-23216|23216|151|OO|SO-368|38|123|72|250|66|003|14.0 N|92.5 E|IBN YUNUS, AL-BIRUNI
151-23230|23230|151|OO|SO-368|40|123|69|80|60|065|04.4 N|99.9 E|ERBO, SAENGER
151-23231|23231|151|OO|SO-368|40|123|70|80|58|080|01.2 N|99.6 E|SAHA, WYLD, SAENGER
151-23233|23233|151|OO|SO-368|40|123|70|80|58|103|00.5 S|99.1 E|SAHA, WYLD
152-23271|23271|152|PP|SO-368|66|113||250||262||98.5 E|RITZ, EARTHRISE
152-23272|23272|152|PP|SO-368|66|113||250||262||98.1 E|RITZ, EARTHRISE
152-23273|23273|152|PP|SO-368|66|113||250||264||98.5 E|RITZ, EARTHRISE
152-23274|23274|152|PP|SO-368|66|113||250||264||98.2 E|RITZ, EARTHRISE
152-23275|23275|152|PP|SO-368|66|113||250||263||97.6 E|RITZ, EARTHRISE
152-23276|23276|152|PP|SO-368|66|113|47|250|66|267|12.9 S|95.5 E|RITZ, N WALL, EARTHRISE
152-23277|23277|152|PP|SO-368|66|113||250||263||93.9 E|RITZ, N WALL, EARTHRISE
139-21298|21298|139|K|3401|68|112|57|60|35|033|01.9 S|84.8 E|SMYTH'S SEA
139-21299|21299|139|K|3401|68|112|57|60|34|033|01.8 S|84.6 E|SMYTH'S SEA
148-22766|22766|148|NN|SO-368|66|112|60|250|33|333|01.6 S|83.5 E|SMYTH'S SEA
148-22774|22774|148|NN|SO-368|74|110|50|250|11|304|06.7 S|85.0 E|SMYTH'S SEA
149-22783|22783|149|KK|SO-368|01|163|57|80|33|350|17.3 N|89.7 E|GODDARD, AL-BIRUNI
149-22784|22784|149|KK|SO-368|01|178|53|80|18|098|15.3 N|84.0 E|GODDARD, W OF
149-22785|22785|149|KK|SO-368|01|180|52|80|29|102|15.3 N|83.9 E|GODDARD, W OF
149-22786|22786|149|KK|SO-368|01|181|56|80|54|151|08.0 N|84.9 E|NEPER, SMYTH'S SEA
149-22842|22842|149|KK|SO-368|52|112|70|80|12|274|00.6 N|87.1 E|SMYTH'S SEA, LM RENDEZVOUS
149-22843|22843|149|KK|SO-368|52|112|71|80|18|310|01.6 N|86.6 E|SMYTH'S SEA, LM RENDEZVOUS
149-22844|22844|149|KK|SO-368|52|112|71|80|12|312|01.8 N|85.8 E|SMYTH'S SEA, LM RENDEZVOUS
149-22845|22845|149|KK|SO-368|52|112|73|80|28|308|02.9 N|84.0 E|SCHUBERT, E OF, LM RENDEZVOUS
149-22846|22846|149|KK|SO-368|52|112|73|80|18|309|02.6 N|84.1 E|SCHUBERT, E OF, LM RENDEZVOUS
149-22847|22847|149|KK|SO-368|52|112|74|80|22|280|02.3 N|82.9 E|SCHUBERT, E WALL, LM RENDEZVOUS
145-22251|22251|145|D|SO-368|52|||60||||70.5 E|SIM BAY INSPECTION, CONDORCET P
149-22848|22848|149|KK|SO-368|52|112|78|80|27|279|04.3 N|78.0 E|BANACHIEWICZ, SW RIM, LM RENDEZVOUS
149-22849|22849|149|KK|SO-368|52|112|79|80|28|273|04.1 N|77.7 E|BANACHIEWICZ, SW RIM, LM RENDEZVOUS
139-21296|21296|139|K|3401|66|112|79|60|30|228|02.8 N|63.8 E|WEBB, FOAMING SEA
145-22249|22249|145|D|SO-368|52|||60||||66.5 E|SIM BAY INSPECTION, FIRMICUS M
145-22250|22250|145|D|SO-368|52|||60||||68.5 E|SIM BAY INSPECTION, CONDORCET D,
145-22252|22252|145|D|SO-368|52|||60||||64.5 E|SIM BAY INSPECTION, AUZOUT, A
145-22254|22254|145|D|SO-368|52|||60||||64.5 E|SIM BAY INSPECTION, AUZOUT, A
145-22256|22256|145|D|SO-368|52|||60||||61.0 E|SIM BAY INSPECTION, APOLLONIUS
149-22787|22787|149|KK|SO-368|01|208|34|80|44|196|11.7 N|63.3 E|FIRMICUS, CRISES, SEA OF
150-22995|22995|150|LL|SO-368|25|120|59|250|27|201|11.8 N|66.0 E|CONDORCET T
150-23032|23032|150|LL|SO-368|28|119|57|80|14|189|13.3 N|61.6 E|PICARD X, Y
150-23033|23033|150|LL|SO-368|28|119|57|80|15|190|13.3 N|60.9 E|PICARD X, Y
151-23261|23261|151|OO|SO-368|64|112|82|250|50|148|03.1 N|62.8 E|APOLLONIUS G
152-23283|23283|152|PP|SO-368|74|110|71|250|12|050|02.6 N|63.6 E|WEBB C, N OF
153-23421|23421|153|MM|SO-368|29|119|59|250|47|006|18.0 N|64.7 E|CRISES, SEA OF
153-23422|23422|153|MM|SO-368|29|119|58|250|43|349|17.3 N|63.0 E|CRISES, SEA OF
153-23423|23423|153|MM|SO-368|29|119|58|250|33|349|16.2 N|62.7 E|CRISES, SEA OF
153-23424|23424|153|MM|SO-368|29|118|57|250|34|351|16.5 N|62.2 E|CRISES, SEA OF
153-23425|23425|153|MM|SO-368|29|118|57|250|32|352|16.4 N|62.0 E|CRISES, SEA OF
153-23426|23426|153|MM|SO-368|29|118|57|250|36|353|16.9 N|61.7 E|CRISES, SEA OF
153-23427|23427|153|MM|SO-368|29|118|56|250|37|355|17.1 N|61.4 E|CRISES, SEA OF
153-23428|23428|153|MM|SO-368|29|118|56|250|32|345|16.6 N|60.6 E|CRISES, SEA OF
153-23429|23429|153|MM|SO-368|29|118|56|250|32|355|16.7 N|60.6 E|CRISES, SEA OF
153-23430|23430|153|MM|SO-368|29|118|56|250|32|352|16.8 N|60.2 E|CRISES, SEA OF
145-22257|22257|145|D|SO-368|52|||60||||54.0 E|SIM BAY INSPECTION, LICK, CRISES, SEA OF
145-22258|22258|145|D|SO-368|52|||60||||57.5 E|SIM BAY INSPECTION, PICARD J
145-22260|22260|145|D|SO-368|52|||60||||57.0 E|SIM BAY INSPECTION, PICARD H
145-22261|22261|145|D|SO-368|52|||60||||53.0 E|SIM BAY INSPECTION, TARUNTIUS A
145-22262|22262|145|D|SO-368|52|||60||||53.0 E|SIM BAY INSPECTION, TARUNTIUS A, N OF
147-22463|22463|147|A|SO-368|12|031|31|60|67|282|19.4 N|50.5 E|CSM VIEWED FROM LM, PEIRCE C
148-22767|22767|148|NN|SO-368|66|112|80|250|63|299|09.6 N|55.4 E|PICARD G, H, LICK
148-22768|22768|148|NN|SO-368|66|112|79|250|62|300|09.9 N|54.8 E|PICARD G, H, LICK
148-22769|22769|148|NN|SO-368|66|112|77|250|37|005|12.3 N|53.3 E|LICK, A
149-22788|22788|149|KK|SO-368|01|209|30|80|53|216|09.9 N|58.8 E|PICARD X, CRISES, SEA OF
149-22789|22789|149|KK|SO-368|01|222|25|80|36|211|14.5 N|54.8 E|PICARD, LICK, YERKES
149-27790|27790|149|KK|SO-368|01|224|24|80|22|245|18.2 N|53.3 E|PEIRCE, YERKES
149-22791|22791|149|KK|SO-368|01|225|25|80|34|195|14.4 N|54.7 E|PICARD, LICK, YERKES
149-22793|22793|149|KK|SO-368|01|229|21|80|35|217|15.2 N|50.1 E|PROCLUS, LICK, YERKES, GLAISHER
150-23034|23034|150|LL|SO-368|28|118|55|80|19|191|13.4 N|59.5 E|PICARD Y
150-23035|23035|150|LL|SO-368|28|118|54|80|12|197|14.2 N|58.3 E|PICARD Y, W OF
150-23036|23036|150|LL|SO-368|28|118|53|80|10|197|14.6 N|57.4 E|PICARD Z
150-23037|23037|150|LL|SO-368|28|117|52|80|12|198|14.7 N|55.9 E|PICARD, Z
150-23038|23038|150|LL|SO-368|28|117|51|80|13|193|14.8 N|55.3 E|PICARD
150-23039|23039|150|LL|SO-368|28|117|51|80|13|195|14.8 N|54.7 E|PICARD
150-23040|23040|150|LL|SO-368|28|117|50|80|13|193|14.7 N|53.5 E|PICARD, YERKES, LICK O
150-23041|23041|150|LL|SO-368|28|116|48|80|23|182|14.6 N|52.3 E|YERKES, LICK, O
150-23042|23042|150|LL|SO-368|28|116|47|80|22|187|14.9 N|51.2 E|YERKES, E
150-23043|23043|150|LL|SO-368|28|116|47|80|19|189|15.3 N|50.5 E|YERKES, E, GLAISHER X
153-23431|23431|153|MM|SO-368|29|118|55|250|32|352|16.9 N|59.9 E|CRISES, SEA OF
153-23432|23432|153|MM|SO-368|29|118|54|250|37|350|17.5 N|59.2 E|CRISES, SEA OF
153-23433|23433|153|MM|SO-368|29|118|54|250|38|345|17.7 N|58.4 E|CRISES, SEA OF
153-23434|23434|153|MM|SO-368|29|118|53|250|38|350|17.9 N|58.2 E|CRISES, SEA OF
153-23435|23435|153|MM|SO-368|29|118|53|250|39|354|18.2 N|57.8 E|CRISES, SEA OF
153-23436|23436|153|MM|SO-368|29|117|52|250|42|354|18.7 N|57.3 E|CRISES, SEA OF
153-23437|23437|153|MM|SO-368|29|117|53|250|42|356|18.8 N|57.8 E|CRISES, SEA OF
153-23438|23438|153|MM|SO-368|29|117|52|250|38|355|18.4 N|56.5 E|CRISES, SEA OF
153-23439|23439|153|MM|SO-368|29|117|51|250|40|355|18.7 N|55.7 E|CRISES, SEA OF
153-23440|23440|153|MM|SO-368|29|117|50|250|40|352|18.8 N|55.3 E|PEIRCE B, E OF
153-23441|23441|153|MM|SO-368|29|117|50|250|41|353|19.0 N|55.0 E|PEIRCE B, E OF
153-23442|23442|153|MM|SO-368|29|117|50|250|41|356|19.1 N|54.6 E|PEIRCE B, E OF
153-23443|23443|153|MM|SO-368|29|117|49|250|44|353|19.6 N|54.1 E|PEIRCE B, E OF
153-23444|23444|153|MM|SO-368|29|117|49|250|44|356|19.8 N|53.9 E|PEIRCE B, E OF
153-23445|23445|153|MM|SO-368|29|117|48|250|44|356|19.8 N|53.5 E|PEIRCE B, E OF
153-23446|23446|153|MM|SO-368|29|116|48|250|44|357|19.9 N|53.1 E|PEIRCE B, E OF
153-23447|23447|153|MM|SO-368|29|116|48|250|44|358|20.0 N|52.7 E|PEIRCE B, W OF
153-23448|23448|153|MM|SO-368|29|116|47|250|44|358|20.0 N|52.3 E|PEIRCE C, W OF
153-23449|23449|153|MM|SO-368|29|116|47|250|44|358|20.1 N|51.9 E|PEIRCE C, W OF
153-23450|23450|153|MM|SO-368|29|116|47|250|42|360|20.0 N|51.5 E|PEIRCE C, W OF
153-23451|23451|153|MM|SO-368|29|116|46|250|41|349|19.8 N|50.5 E|PEIRCE C
153-23452|23452|153|MM|SO-368|29|116|46|250|46|003|20.7 N|51.0 E|TISSERAND A, E OF
153-23453|23453|153|MM|SO-368|29|116|45|250|52|001|21.9 N|50.5 E|TISSERAND A, N OF, MACROBIUS S
153-23454|23454|153|MM|SO-368|29|116|45|250|53|001|22.1 N|50.2 E|TISSERAND A, N OF, MACROBIUS S
145-22263|22263|145|D|SO-368|52|112|61|60|47|187|13.0 N|41.9 E|LYELL, PROCLUS A, CAUCHY
149-22792|22792|149|KK|SO-368|01|228|18|80|58|208|05.0 N|46.3 E|TARUNTIUS, A, GLAISHER
149-22794|22794|149|KK|SO-368|01|233|17|80|37|227|15.6 N|46.4 E|PROCLUS, GLAISHER
150-23044|23044|150|LL|SO-368|28|116|46|80|18|182|15.5 N|49.6 E|YERKES E, GLAISHER X, PROCLUS P
150-23045|23045|150|LL|SO-368|28|115|44|80|12|188|16.2 N|48.4 E|GLAISHER X, PROCLIJS, P
150-23046|23046|150|LL|SO-368|28|115|44|80|16|185|16.1 N|47.7 E|GLAISHER X, PROCLUS, P
150-23047|23047|150|LL|SO-368|28|115|42|80|18|185|16.2 N|46.1 E|PROCLUS, F, R
150-23048|23048|150|LL|SO-368|28|114|42|80|20|188|16.2 N|45.3 E|PROCLUS, W RIM, J, R
150-23049|23049|150|LL|SO-368|28|114|40|80|17|190|16.6 N|43.4 E|PROCLUS J, LYELL D
150-23050|23050|150|LL|SO-368|28|114|39|80|13|183|17.1 N|42.4 E|PROCLUS D, E
150-23051|23051|150|LL|SO-368|28|114|38|80|16|182|17.0 N|41.9 E|PROCLUS D, E, FRANZ
150-23052|23052|150|LL|SO-368|28|113|37|80|12|194|17.5 N|40.8 E|PROCLUS D, E, FRANZ
153-23455|23455|153|MM|SO-368|29|115|45|250|39|355|19.9 N|49.2 E|TISSERAND A
153-23456|23456|153|MM|SO-368|29|115|44|250|36|353|19.7 N|48.7 E|TISSERAND A, SW RIM
153-23457|23457|153|MM|SO-368|29|115|44|250|36|352|19.8 N|48.2 E|TISSERAND, S OF
153-23458|23458|153|MM|SO-368|29|115|43|250|36|353|19.8 N|47.7 E|TISSERAND, S OF
153-23459|23459|153|MM|SO-368|29|115|43|250|38|359|20.1 N|47.6 E|TISSERAND, S OF
153-23460|23460|153|MM|SO-368|29|115|43|250|42|356|20.7 N|47.0 E|MACROBIUS, SE WALL
153-23461|23461|153|MM|SO-368|29|115|42|250|45|354|21.1 N|46.5 E|MACROBIUS
153-23462|23462|153|MM|SO-368|29|115|42|250|42|349|20.7 N|45.8 E|MACROBIUS
153-23463|23463|153|MM|SO-368|29|115|41|250|42|352|20.9 N|45.8 E|MACROBIUS
153-23464|23464|153|MM|SO-368|29|115|40|250|50|345|22.0 N|44.5 E|MACROBIUS, W WALL
153-23465|23465|153|MM|SO-368|29|114|40|250|47|355|21.7 N|44.9 E|MACROBIUS, W WALL
153-23466|23466|153|MM|SO-368|29|114|40|250|46|353|21.6 N|44.3 E|MACROBIUS, W OF
153-23467|23467|153|MM|SO-368|29|114|39|250|41|343|20.9 N|43.3 E|MACROBIUS, W OF
153-23468|23468|153|MM|SO-368|29|114|39|250|48|354|22.2 N|43.3 E|MACROBIUS, W OF
153-23469|23469|153|MM|SO-368|29|114|39|250|48|357|22.2 N|43.1 E|MACROBIUS, W OF
153-23470|23470|153|MM|SO-368|29|114|37|250|50|350|22.5 N|41.9 E|MACROBIUS B, 4 OF
153-23471|23471|153|MM|SO-368|29|114|37|250|47|345|22.1 N|41.3 E|MACROBIUS B
153-23472|23472|153|MM|SO-368|29|114|38|250|48|353|22.4 N|41.9 E|MACROBIUS B, N OF
153-23473|23473|153|MM|SO-368|29|113|36|250|52|353|23.2 N|40.8 E|MACROBIUS M
153-23474|23474|153|MM|SO-368|29|113|36|250|55|353|23.9 N|40.2 E|MACROBIUS M, ROMER U, V
154-23599|23599|154|QQ|2485|01|243|18|80|28|155|16.0 N|47.2 E|PROCLUS, P, R, S, U, GLAISHER, E, W
139-21277|21277|139|K|3401|62|112|57|60|68|298|20.4 N|31.6 E|MARALDI, APOLLO 17 LANDING SITE
139-21278|21278|139|K|3401|62|112|51|60|65|301|20.6 N|30.8 E|MARALDI, APOLLO 17 LANDING SITE
139-21279|21279|139|K|3401|62|112|51|60|59|303|20.0 N|30.8 E|MARALDI, APOLLO 17 LANDING SITE
139-21280|21280|139|K|3401|62|112|57|60|54|308|20.0 N|31.0 E|VITRUVIUS, APOLLO 17 LANDING SITE
139-21281|21281|139|K|3401|62|112|57|60|47|319|20.2 N|31.1 E|VITRUVIUS, APOLLO 17 LANDING SITE
139-21282|21282|139|K|3401|62|113|57|60|33|006|20.9 N|30.8 E|LITTROW, APOLLO 17 LANDING SITE
139-21312|21312|139|K|3401|73|112|78|60|31|210|09.4 N|39.7 E|CAUCHY, TRANQUILITY, SEA OF
139-21313|21313|139|K|3401|73|112|77|60|29|206|09.8 N|39.0 E|CAUCHY, TRANQUILITY, SEA OF
139-21314|21314|139|K|3401|73|112|77|60|31|217|10.0 N|38.1 E|CAUCHY, TRANQUILITY, SEA OF
139-21315|21315|139|K|3401|73|112|76|60|34|225|10.2 N|37.0 E|CAUCHY, TRANOUILITY, SEA OF
139-21316|21316|139|K|3401|73|112|75|60|38|230|10.2 N|36.2 E|CAUCHY SCARP, TRANQUILITY, SEA OF
139-21317|21317|139|K|3401|73|112|74|60|36|228|10.7 N|35.3 E|CAUCHY SCARP, TRANQUILITY, SEA OF
139-21318|21318|139|K|3401|73|112|75|60|17|182|11.4 N|37.4 E|CAUCHY A, TRANQUILITY, SEA OF
139-21319|21319|139|K|3401|73|112|75|60|13|182|11.8 N|37.0 E|CAUCHY A, TRANQUILITY, SEA OF
139-21320|21320|139|K|3401|73|112|74|60|82|225|10.6 N|34.7 E|SINAS, TRANQUILITY, SEA OF
139-21321|21321|139|K|3401|73|112|74|60|38|277|10.8 N|34.3 E|SINAS, TRANQUILITY, SEA OF
147-22464|22464|147|A|SO-368|12|026|12|60|60|275|20.3 N|30.3 E|CSM, APOLLO 17 LANDING SITE
147-22465|22465|147|A|SO-368|12|026|12|60|69|277|20.4 N|30.2 E|CSM, APOLLO 17 LANDING SITE
148-22770|22770|148|NN|SO-368|66|112|60|250|67|301|20.0 N|30.5 E|APOLLO 17 LANDING SITE
150-22996|22996|150|LL|SO-368|25|113|28|250|05|000|19.7 N|34.8 E|MARALDI
150-22997|22997|150|LL|SO-368|25|113|28|250|07|000|19.8 N|34.6 E|MARALDI
150-22998|22998|150|LL|SO-368|25|113|28|250|07|000|19.8 N|34.4 E|MARALDI
150-22999|22999|150|LL|SO-368|25|113|27|250|04|355|19.7 N|33.3 E|MARALDI, W OF
150-23000|23000|150|LL|SO-368|25|112|23|250|07|358|19.0 N|32.7 E|MARALDI, W OF
150-23001|23001|150|LL|SO-368|25|112|26|250|09|004|20.1 N|32.2 E|APOLLO 17 LANDING SITE, E OF
150-23002|23002|150|LL|SO-368|25|112|25|250|06|005|19.9 N|31.8 E|APOLLO 17 LANDING SITE, E OF
150-23003|23003|150|LL|SO-368|25|112|25|250|06|008|20.0 N|31.4 E|APOLLO 17 LANDING SITE
150-23004|23004|150|LL|SO-368|25|112|25|250|08|008|20.1 N|31.0 E|APOLLO 17 LANDING SITE
150-23005|23005|150|LL|SO-368|25|112|25|250|08|008|20.1 N|30.8 E|APOLLO 17 LANDING SITE
150-23006|23006|150|LL|SO-368|25|112|24|250|09|008|20.2 N|30.4 E|APOLLO 17 LANDING SITE
150-23007|23007|150|LL|SO-368|25|112|24|250|08|009|20.2 N|30.3 E|APOLLO 17 LANDING SITE, W OF
150-23008|23008|150|LL|SO-368|25|112|24|250|09|016|20.3 N|30.3 E|APOLLO 17 LANDING SITE, W OF
150-23053|23053|150|LL|SO-368|28|113|36|80|19|183|17.1 N|39.8 E|PROCLUS D, E, FRANZ
150-23054|23054|150|LL|SO-368|28|113|35|80|04|188|18.2 N|38.6 E|MARALDI M
150-23055|23055|150|LL|SO-368|28|112|34|80|10|191|18.1 N|37.5 E|MARALDI D
150-23056|23056|150|LL|SO-368|28|112|33|80|10|190|18.1 N|36.7 E|MARALDI D, E, F
150-23057|23057|150|LL|SO-368|28|112|32|80|15|191|17.9 N|35.2 E|MARALDI D, E, VITRUVIUS A
150-23058|23058|150|LL|SO-368|28|111|31|80|13|198|18.2 N|34.1 E|MARALDI E, VITRUVIUS A
150-23059|23059|150|LL|SO-368|28|111|30|80|14|197|18.2 N|33.4 E|VITRUVIUS A
150-23060|23060|150|LL|SO-368|28|111|29|80|12|186|18.4 N|32.5 E|VITRUVIUS A
150-23061|23061|150|LL|SO-368|28|111|28|80|18|182|18.1 N|31.3 E|VITRUVIUS
151-23218|23218|151|OO|SO-368|38|111|36|250|36|322|20.2 N|30.4 E|APOLLO 17 LANDING SITE
151-23250|23250|151|OO|SO-368|56|112|12|250|52|352|20.0 N|30.7 E|APOLLO 17 LANDING SITE
151-23251|23251|151|OO|SO-368|56|112|15|250|52|007|20.2 N|30.8 E|APOLLO 17 LANDING SITE
151-23252|23252|151|OO|SO-368|56|112|14|250|52|000|20.2 N|30.6 E|APOLLO 17 LANDING SITE
151-23253|23253|151|OO|SO-368|56|112|13|250|52|002|20.2 N|30.5 E|APOLLO 17 LANDING SITE
151-23254|23254|151|OO|SO-368|56|112|13|250|52|014|20.1 N|30.6 E|APOLLO 17 LANDING SITE
151-23255|23255|151|OO|SO-368|56|112|14|250|52|017|20.2 N|30.5 E|APOLLO 17 LANDING SITE
151-23262|23262|151|OO|SO-368|64|112|58|250|54|325|20.5 N|30.8 E|APOLLO 17 LANDING SITE
151-23263|23263|151|OO|SO-368|64|112|58|250|53|325|20.4 N|30.7 E|APOLLO 17 LANDING SITE
151-23264|23264|151|OO|SO-368|64|112|58|250|52|323|20.1 N|30.5 E|APOLLO 17 LANDING SITE
153-23475|23475|153|MM|SO-368|29|113|35|250|55|354|24.2 N|39.9 E|MACROBIUS M, ROMER U, V
153-23476|23476|153|MM|SO-368|29|113|34|250|57|353|24.8 N|39.3 E|ROMER E, N, P, U, V
153-23477|23477|153|MM|SO-368|29|113|35|250|50|352|23.0 N|39.0 E|ROMER U, V
153-23478|23478|153|MM|SO-368|29|113|34|250|52|354|23.6 N|38.7 E|ROMER U, V
153-23479|23479|153|MM|SO-368|29|113|34|250|51|354|23.2 N|38.3 E|ROMER J
153-23480|23480|153|MM|SO-368|29|113|34|250|45|355|22.4 N|38.0 E|ROMER J
153-23481|23481|153|MM|SO-368|29|112|34|250|45|354|22.5 N|37.5 E|ROMER J
153-23482|23482|153|MM|SO-368|29|112|33|250|43|342|22.0 N|36.4 E|ROMER K
153-23483|23483|153|MM|SO-368|29|112|32|250|41|336|21.7 N|35.5 E|ROMER K, S OF
153-23484|23484|153|MM|SO-368|29|112|31|250|43|333|21.9 N|34.8 E|LITTROW F
153-23485|23485|153|MM|SO-368|29|112|31|250|44|332|22.0 N|34.1 E|LITTROW F
153-23486|23486|153|MM|SO-368|29|112|29|250|54|325|23.4 N|32.0 E|LITTROW A, D
153-23487|23487|153|MM|SO-368|29|112|28|250|59|334|25.0 N|31.8 E|LITTROW D, LE MONNIER
153-23488|23488|153|MM|SO-368|29|112|28|250|57|332|24.6 N|31.5 E|LITTROW D, LE MONNIER
153-23489|23489|153|MM|SO-368|29|112|28|250|48|329|22.7 N|31.7 E|LITTROW, A
153-23490|23490|153|MM|SO-368|29|111|29|250|50|342|23.4 N|32.1 E|LITTROW A, D
153-23491|23491|153|MM|SO-368|29|111|28|250|48|339|23.1 N|31.6 E|LITTROW, A
153-23492|23492|153|MM|SO-368|29|111|28|250|49|338|23.3 N|31.1 E|LITTROW A
153-23493|23493|153|MM|SO-368|29|111|28|250|49|350|23.5 N|31.5 E|LITTROW A
153-23494|23494|153|MM|SO-368|29|111|28|250|46|351|23.1 N|31.3 E|LITTROW A
153-23495|23495|153|MM|SO-368|29|111|28|250|44|354|23.0 N|31.0 E|LITTROW A
153-23496|23496|153|MM|SO-368|29|111|26|250|55|352|25.0 N|30.1 E|LE MONNIER
153-23497|23497|153|MM|SO-368|29|111|27|250|55|357|25.1 N|30.2 E|LE MONNIER
153-23498|23498|153|MM|SO-368|29|110|27|250|49|006|23.9 N|30.6 E|LITTROW, N OF
154-23600|23600|154|QQ|2485|01|247|09|80|52|206|08.4 N|37.1 E|CAUCHY A, B
154-23601|23601|154|QQ|2485|01|250|07|80|35|232|16.2 N|35.8 E|MARALDI, D, E, M, VITRUVIUS A, H
154-23602|23602|154|QQ|2485|01|251|04|80|40|264|19.2 N|32.7 E|MARALDI, VITRUVIUS, LITTROW
154-23603|23603|154|QQ|2485|01|254|04|80|36|244|17.1 N|32.4 E|MARALDI, E, VITRUVIUS A, B, C, H
154-23604|23604|154|QQ|2485|01|258|04|80|48|200|09.6 N|31.9 E|SINAS
154-23605|23605|154|QQ|2485|01|259|02|80|27|262|19.3 N|30.5 E|LITTROW, VITRUVIUS, A, B, L
154-23606|23606|154|QQ|2485|01|260|02|80|29|234|17.0 N|30.7 E|VITRUVIUS, A, B, JANSEN F, L
154-23607|23607|154|QQ|2485|01|260|02|80|44|205|11.5 N|30.5 E|JANSEN F, T
154-23618|23618|154|QQ|2485|02|261|03|80|13|273|19.9 N|30.5 E|LITTROW, B, VITRUVIUS E
154-23619|23619|154|QQ|2485|02|262|03|80|10|272|19.8 N|30.3 E|LITTROW, A, B, VITRUVIUS E
154-23620|23620|154|QQ|2485|02|263|03|80|04|281|19.8 N|30.3 E|LITTROW, B, VITRUVIUS E
159-23918|23918|159|XX|2485|26|||55||||31.0 E|APOLLO 17 LANDING SITE, RED FILTER
159-23919|23919|159|XX|2485|26|||55||||31.0 E|APOLLO 17 LANDING SITE, RED FILTER
159-23920|23920|159|XX|2485|26|||55||||31.0 E|APOLLO 17 LANDING SITE, RED FILTER
159-23921|23921|159|XX|2485|26|||55||||31.0 E|APOLLO 17 LANDING SITE, BLUE FILTER
159-23922|23922|159|XX|2485|26|||55||||31.0 E|APOLLO 17 LANDING SITE, BLUE FILTER
159-23923|23923|159|XX|2485|26|112|25|55|30|289|20.1 N|30.7 E|APOLLO 17 LANDING SITE, BLUE FILTER
159-23924|23924|159|XX|2485|26|112|25|55|20|303|20.3 N|30.7 E|APOLLO 17 LANDING SITE
159-23925|23925|159|XX|2485|26|112|25|55|21|308|20.4 N|30.6 E|APOLLO 17 LANDING SITE
145-22271|22271|145|D|SO-368|52|||60||||22.0 E|DOCKING, BESSEL, DESEILLIGNY
147-22466|22466|147|A|SO-368|12|026|12|60|68|277|20.4 N|29.9 E|CSM, APOLLO 17 LANDING SITE
147-22467|22467|147|A|SO-368|12|026|12|60|68|275|20.3 N|20.1 E|CSM, APOLLO 17 LANDING SITE
149-22874|22874|149|KK|SO-368|65|113|57|250|52|333|21.4 N|29.5 E|LITTROW B
149-22875|22875|149|KK|SO-368|65|113|57|250|49|342|21.5 N|29.6 E|LITTROW B
149-22876|22876|149|KK|SO-368|65|113|59|250|37|014|20.0 N|30.0 E|APOLLO 17 LANDING SITE
150-23009|23009|150|LL|SO-368|25|112|24|250|09|013|20.3 N|29.9 E|APOLLO 17 LANDING SITE, W OF
150-23010|23010|150|LL|SO-368|25|111|23|250|09|010|20.3 N|29.0 E|ARGAEUS MOUNTAINS
150-23011|23011|150|LL|SO-368|25|111|22|250|05|009|20.0 N|28.5 E|ARGAEUS MOUNTAINS
150-23012|23012|150|LL|SO-368|25|111|22|250|02|008|19.9 N|28.0 E|APOLLO 17 LANDING SITE, W OF
150-23013|23013|150|LL|SO-368|25|111|22|250|02|007|19.9 N|27.5 E|APOLLO 17 LANDING SITE, W OF
150-23014|23014|150|LL|SO-368|25|111|21|250|03|006|20.0 N|26.9 E|ARGAEUS MOUNTAINS, W OF
150-23015|23015|150|LL|SO-368|25|111|21|250|03|005|20.0 N|26.5 E|ARGAEUS MOUNTAINS, W OF
150-23016|23016|150|LL|SO-368|25|111|20|250|02|007|20.0 N|26.4 E|ARGAEUS MOUNTAINS, W OF
150-23017|23017|150|LL|SO-368|25|111|20|250|02|357|19.8 N|25.5 E|ARGAEUS MOUNTAINS, W OF
150-23018|23018|150|LL|SO-368|25|110|19|250|VERT||19.9 N|24.6 E|SERENITY, SEA OF
150-23019|23019|150|LL|SO-368|25|110|19|250|02|356|19.8 N|24.5 E|SERENITY, SEA OF
150-23020|23020|150|LL|SO-368|25|110|19|250|07|343|19.5 N|24.7 E|SERENITY, SEA OF
150-23021|23021|150|LL|SO-368|25|110|18|250|06|353|19.5 N|23.6 E|SERENITY, SEA OF
150-23022|23022|150|LL|SO-368|25|110|18|250|05|350|19.6 N|23.3 E|SERENITY, SEA OF
150-23023|23023|150|LL|SO-368|25|110|17|250|09|350|19.4 N|23.1 E|SERENITY, SEA OF
150-23024|23024|150|LL|SO-368|25|110|17|250|09|349|19.4 N|22.9 E|SERENITY, SEA OF
150-23025|23025|150|LL|SO-368|25|110|17|250|11|350|19.3 N|22.7 E|SERENITY, SEA OF
150-23026|23026|150|LL|SO-368|25|110|17|250|11|349|19.3 N|22.2 E|DESEILLIGNY, SE OF
150-23027|23027|150|LL|SO-368|25|110|16|250|14|350|19.1 N|22.0 E|DESEILLIGNY, SE OF
150-23028|23028|150|LL|SO-368|25|110|16|250|11|354|19.3 N|21.5 E|DESEILLIGNY, S OF
150-23029|23029|150|LL|SO-368|25|109|15|250|14|359|19.1 N|20.4 E|DESEILLIGNY, SW OF
150-23030|23030|150|LL|SO-368|25|109|15|250|09|000|19.4 N|20.3 E|SERENITY, SEA OF
150-23062|23062|150|LL|SO-368|28|110|27|80|15|186|18.4 N|30.0 E|VITRUVIUS E, L
150-23063|23063|150|LL|SO-368|28|110|26|80|18|187|18.3 N|29.2 E|VITRUVIUS E
150-23064|23064|150|LL|SO-368|28|110|25|80|16|183|18.5 N|28.0 E|VITRUVIUS E, DAWES
150-23065|23065|150|LL|SO-368|28|110|24|80|16|182|18.5 N|27.0 E|DAWES
150-23066|23066|150|LL|SO-368|28|109|23|80|18|186|18.5 N|26.0 E|DAWES, PLINIUS RILLES
150-23067|23067|150|LL|SO-368|28|109|22|80|18|182|18.6 N|24.9 E|DAWES, PLINIUS RILLES
150-23068|23068|150|LL|SO-368|28|109|21|80|18|182|18.6 N|23.9 E|PLINIUS RILLES
150-23069|23069|150|LL|SO-368|28|108|20|80|28|176|17.8 N|22.7 E|PLINIUS, N WALL, RILLES
151-23217|23217|151|OO|SO-368|38|111|35|250|51|316|21.5 N|29.5 E|APOLLO 17 LANDING SITE, NW OF
153-23499|23499|153|MM|SO-368|29|110|26|250|58|000|26.1 N|29.6 E|LITTROW, N OF
153-23500|23500|153|MM|SO-368|29|110|26|250|59|005|26.5 N|29.5 E|LE MONNIER, K, POSIDONIUS
153-23501|23501|153|MM|SO-368|29|110|26|250|49|002|24.1 N|28.8 E|SERENITY, SEA OF
153-23502|23502|153|MM|SO-368|29|110|25|250|51|004|24.4 N|28.7 E|SERENITY, SEA OF
153-23503|23503|153|MM|SO-368|29|110|25|250|51|007|24.3 N|28.4 E|SERENITY, SEA OF
153-23504|23504|153|MM|SO-368|29|110|25|250|58|016|26.1 N|29.2 E|LE MONNIER, K
153-23505|23505|153|MM|SO-368|29|110|23|250|60|356|26.8 N|26.3 E|SERENITY, SEA OF
153-23506|23506|153|MM|SO-368|29|110|22|250|60|353|27.0 N|25.8 E|SERENITY, SEA OF
153-23507|23507|153|MM|SO-368|29|109|22|250|61|353|27.2 N|25.4 E|SERENITY, SEA OF
153-23508|23508|153|MM|SO-368|29|109|21|250|61|356|27.4 N|24.9 E|SERENITY, SEA OF
153-23509|23509|153|MM|SO-368|29|109|23|250|48|005|24.0 N|25.4 E|SERENITY, SEA OF
153-23510|23510|153|MM|SO-368|29|109|22|250|52|009|24.7 N|25.5 E|SERENITY, SEA OF
153-23511|23511|153|MM|SO-368|29|109|22|250|57|005|25.9 N|24.8 E|SERENITY, SEA OF
153-23512|23512|153|MM|SO-358|29|109|21|250|52|003|24.8 N|24.2 E|SERENITY, SEA OF
153-23513|23513|153|MM|SO-368|29|109|19|250|53|345|24.8 N|21.8 E|BESSEL, SE OF
153-23514|23514|153|MM|SO-368|29|109|20|250|47|349|23.8 N|22.2 E|BESSEL, SE OF
153-23515|23515|153|MM|SO-368|29|109|20|250|42|353|23.2 N|22.2 E|BESSEL
153-23564|23564|153|MM|SO-368|39|108|28|80|34|221|16.9 N|20.4 E|TACQUET, A
154-23608|23608|154|QQ|2485|01|261|01|80|26|259|19.0 N|29.6 E|VITRUVIUS, LITTROW
154-23609|23609|154|QQ|2485|01|262|01|80|31|230|16.4 N|29.5 E|VITRUVIUS, B, JANSEN F, L
154-23610|23610|154|QQ|2485|01|263|01|80|49|199|09.1 N|29.2 E|SINAS, A, E
154-23611|23611|154|QQ|2485|01|264|01|80|17|241|18.4 N|29.4 E|VITRUVIUS, L
154-23612|23612|154|QQ|2485|01|264|01|80|24|211|16.2 N|29.4 E|VITRUVIUS, JANSEN, C, L
154-23613|23613|154|QQ|2485|01|265|01|80|41|193|11.6 N|29.1 E|JANSEN F, L, SINAS
154-23614|23614|154|QQ|2485|01|267|00|80|55|188|03.2 N|28.0 E|MASKELYNE, N, R
154-23615|23615|154|QQ|2485|01|263|02|80|06|159|18.7 N|30.0 E|VITRUVIUS E, JANSEN L
154-23616|23616|154|QQ|2485|01|271|01|80|39|164|11.9 N|29.0 E|JANSEN, K, L, SINAS, E
154-23617|23617|154|QQ|2485|01|272|00|80|56|176|01.8 N|27.7 E|SINAS E
154-23621|23621|154|QQ|2485|02|265|00|80|17|305|21.2 N|27.5 E|LITTROW B, VITRUVIUS E
154-23622|23622|154|QQ|2485|02|266|01|80|07|342|20.6 N|28.9 E|LITTROW B
154-23623|23623|154|QQ|2485|02|266|02|80|06|035|20.4 N|29.5 E|LITTROW B
154-23626|23626|154|QQ|2485|04|||80||||25.5 E|JANSEN, B, E, H, DAWES
154-23627|23627|154|QQ|2485|04|||80||||25.0 E|PLINIUS, E HALF, B, JANSEN B, H
154-23628|23628|154|QQ|2485|04|||80||||23.5 E|PLINIUS, JANSEN B
154-23632|23632|154|QQ|2485|17|112|08|80|30|301|21.1 N|20.8 E|BESSEL, DESEILLIGNY, LINNE E
154-23635|23635|154|QQ|2485|17|112|09|80|35|187|17.3 N|21.5 E|ARCHERUSIA, CAPE OF
154-23636|23636|154|QQ|2485|17|112|09|80|13|175|19.0 N|21.7 E|DESEILLIGNY, S OF
159-23926|23926|159|XX|2485|26|112|24|55|31|353|22.0 N|29.2 E|LITTROW B
159-23927|23927|159|XX|2485|26|112|23|55|33|352|22.1 N|29.1 E|LITTROW B
145-22264|22264|145|D|SO-368|52|||60||||18.0 E|TACOUET A, MACLEAR, JULIUS CAESAR
145-22265|22265|145|D|SO-368|52|112|37|60|58|211|15.9 N|16.0 E|MENELAUS
145-22266|22266|145|D|SO-368|52|112|34|60|58|227|17.2 N|13.6 E|MENELAUS, MANILIUS, AUWERS
145-22267|22267|145|D|SO-368|52|112|35|60|54|218|17.6 N|14.8 E|MENELAUS, MANILIUS, AUWERS
145-22268|22268|145|D|SO-368|52|112|36|60|63|198|13.3 N|14.9 E|MENELAUS, MANILIUS, AVWERS
145-22269|22269|145|D|SO-368|52|||60||||13.0 E|MENELAUS, MANILIUS, AUWERS
145-22272|22272|145|D|SO-368|52|||60||||20.0 E|DOCKING, BESSEL, DESEILLIGNY
145-22273|22273|145|D|SO-368|52|||60||||20.0 E|DOCKING, BESSEL, DESEILLIGNY
145-22274|22274|145|D|SO-368|52|||60||||18.0 E|DOCKING, BESSEL
145-22275|22275|145|D|SO-368|52|||60||||18.0 E|DOCKING, BESSEL
149-22879|22879|149|KK|SO-368|65|113|43|250|34|243|19.8 N|10.5 E|SULPICIUS GALLUS, W OF
149-22880|22880|149|KK|SO-368|65|113|43|250|34|243|19.8 N|10.4 E|SULPICIUS GALLUS, W OF
149-22882|22882|149|KK|SO-368|65|113|42|250|23|176|19.8 N|10.1 E|SULPICIUS GALLUS, W OF
150-23031|23031|150|LL|SO-368|25|109|11|250|67|348|31.8 N|17.4 E|LINNE D
151-23258|23258|151|OO|SO-368|63|113|58|250|41|108|20.3 N|10.3 E|SULPICIUS GALLUS RILLES
151-23260|23260|151|OO|SO-368|63|114|53|250|64|180|05.6 N|19.6 E|GAY-LUSSAC, A, COPERNICUS
153-23563|23563|153|MM|SO-368|39|109|27|80|67|240|16.8 N|19.1 E|TACQUET, AUWERS, MENELAUS
153-23565|23565|153|MM|SO-368|39|108|26|80|45|238|17.1 N|17.7 E|TACQUET, AUWERS, MENELAUS
153-23566|23566|153|MM|SO-368|39|108|24|80|49|249|17.6 N|16.2 E|MENELAUS, A, N, R
153-23567|23567|153|MM|SO-368|39|108|24|80|48|247|17.7 N|15.9 E|MENELAUS, A, N, R
153-23568|23568|153|MM|SO-368|39|108|23|80|45|250|18.0 N|14.8 E|MENELAUS, A, N, R
153-23569|23569|153|MM|SO-368|39|108|21|80|34|251|18.8 N|13.2 E|MENELAUS, A, SULPICIUS GALLUS
153-23570|23570|153|MM|SO-368|39|108|20|80|36|258|19.1 N|11.5 E|SULPICIUS GALLUS, RILLES
153-23571|23571|153|MM|SO-368|39|108|19|80|38|263|19.4 N|10.6 E|SULPICIUS GALLUS, RILLES
154-23629|23629|154|QQ|2485|17|112|01|80|65|288|23.1 N|14.0 E|BESSEL
154-23630|23630|154|QQ|2485|17|112|05|80|55|289|22.0 N|17.7 E|BESSEL, DESEILLIGNY
154-23631|23631|154|QQ|2485|17|112|04|80|54|283|21.3 N|17.2 E|BESSEL, DESEILLIGNY
154-23633|23633|154|QQ|2485|17|112|01|80|62|283|21.8 N|13.9 E|BESSEL, E, F, G
154-23634|23634|154|QQ|2485|17|112|01|80|62|281|21.4 N|13.4 E|BESSEL, E, F, G
154-23637|23637|154|QQ|2485|17|111|05|80|43|225|17.3 N|18.1 E|MENELAUS, TAQUET, AUWERS
154-23638|23638|154|QQ|2485|17|111|03|80|47|263|19.4 N|15.8 E|BESSEL E
154-23639|23639|154|QQ|2485|17|111|03|80|42|239|18.0 N|16.0 E|MENELAUS, A, R, S
154-23640|23640|154|QQ|2485|17|111|06|80|67|180|08.2 N|18.5 E|AUWERS, MACLEAR
154-23641|23641|154|QQ|2485|17|111|02|80|65|346|29.5 N|15.5 E|LINNE A, B, D, E
154-23642|23642|154|QQ|2485|17|110|02|80|47|349|23.8 N|14.9 E|LINNE, A, B, E
154-23643|23643|154|QQ|2485|17|110|01|80|28|317|21.1 N|13.9 E|BESSEL F, G
154-23644|23644|154|QQ|2485|17|110|02|80|05|211|19.4 N|14.9 E|BESSEL E
154-23655|23655|154|QQ|2485|29|107|13|250|37|215|17.7 N|14.2 E|MENELAUS A, E OF
154-23656|23656|154|QQ|2485|29|106|12|250|19|210|18.9 N|12.8 E|SULPICIUS GALLUS A, E OF
154-23657|23657|154|QQ|2485|29|106|12|250|10|207|19.4 N|12.8 E|SULPICIUS GALLUS, E OF
154-23658|23658|154|QQ|2485|29|106|11|250|14|220|19.3 N|11.7 E|SULPICIUS GALLUS
154-23659|23659|154|QQ|2485|29|106|10|250|13|291|20.2 N|11.0 E|SULPICIUS GALLUS, RILLE
154-23660|23660|154|QQ|2485|29|106|09|250|20|290|20.3 N|10.4 E|SULPICIUS GALLUS, RILLE
154-23663|23663|154|QQ|2485|29|106|10|250|49|119|15.6 N|10.7 E|MANILIUS N, E HALF
154-23666|23666|154|QQ|2485|29|105|10|250|52|169|15.2 N|11.0 E|MANILIUS N
139-21283|21283|139|K|3401|62|113|30|60|54|355|28.1 N|2.7 E|AUTOLYCUS, APOLLO 15 LANDING SITE
139-21310|21310|139|K|3401|72|115|41|60|54|060|24.7 N|3.2 E|ARATUS, APOLLO 15 LANDING SITE
139-21311|21311|139|K|3401|72|115|40|60|56|059|25.0 N|3.3 E|ARATUS, APOLLO 15 LANDING SITE
145-22270|22270|145|D|SO-368|52|||60||||9.0 E|MENELAUS
145-22276|22276|145|D|SO-368|52|||60||||1.0 E|MANILIUS, F, VAPORS, SEA OF
148-22771|22771|148|NN|SO-368|73|114|46|250|32|335|22.4 N|7.5 E|SULPICIUS GALLUS A, W OF
148-22772|22772|148|NN|SO-368|73|114|45|250|38|325|23.1 N|7.2 E|SULPICIUS GALLUS A, NW OF
149-22877|22877|149|KK|SO-368|65|113|42|250|66|273|19.9 N|9.7 E|SULPICIUS GALLUS, RILLES
149-22878|22878|149|KK|SO-368|65|113|42|250|63|271|20.0 N|9.6 E|SULPICIUS GALLUS RILLES
149-22881|22881|149|KK|SO-368|65|113|40|250|29|312|22.9 N|8.6 E|SULPICIUS GALLUS A, N OF
149-22883|22883|149|KK|SO-368|65|114|39|250|15|332|22.3 N|7.4 E|SULPICIUS GALLUS A, W OF
149-22885|22885|149|KK|SO-368|65|114|33|80|13|351|23.4 N|1.7 E|BRADLEY RILLE
149-22886|22886|149|KK|SO-368|65|114|33|80|11|000|23.3 N|0.7 E|BRADLEY RILLE
149-22887|22887|149|KK|SO-368|65|114|33|80|16|012|23.7 N|0.5 E|BRADLEY RILLE
149-22888|22888|149|KK|SO-368|65|114|32|80|16|013|23.6 N|0.1 E|BRADLEY RILLE
151-23219|23219|151|OO|SO-368|38|106|16|250|38|329|22.3 N|9.1 E|SULPICIUS GALLUS, NE OF
151-23220|23220|151|OO|SO-368|38|106|15|250|49|328|23.6 N|7.9 E|SULPICIUS GALLUS, NE OF
151-23221|23221|151|OO|SO-368|38|106|13|250|66|341|29.3 N|6.1 E|AUTOLYCUS K
151-23256|23256|151|OO|SO-368|63|113|43|250|39|096|21.9 N|8.8 E|SULPICIUS GALLUS RILES
151-23257|23257|151|OO|SO-368|63|113|53|250|39|107|20.8 N|9.2 E|SULPICIUS GALLUS RILLES
151-23259|23259|151|OO|SO-368|63|113|36|250|69|053|19.9 N|4.6 E|MANILIUS F, N OF
152-23284|23284|152|PP|SO-368|74|114|50|250|15|199|18.9 N|9.7 E|MANILIUS A, NE OF
152-23285|23285|152|PP|SO-368|74|114|50|250|15|199|18.9 N|9.7 E|MANILIUS A, NE OF
152-23286|23286|152|PP|SO-368|74|114|46|250|29|209|18.7 N|5.3 E|MANILIUS E, W OF
152-23287|23287|152|PP|SO-368|74|114|46|250|29|205|18.7 N|5.3 E|MANILIUS E, W OF
153-23572|23572|153|MM|SO-368|39|106|17|80|46|269|19.7 N|8.7 E|MANILIUS F, ARATUS A
153-23573|23573|153|MM|SO-368|39|106|16|80|49|270|19.8 N|7.5 E|MANILIUS F, ARATUS A
153-23574|23574|153|MM|SO-368|39|106|16|80|46|261|19.2 N|7.2 E|MANILIUS F, CONON
153-23575|23575|153|MM|SO-368|39|106|15|80|46|259|19.2 N|6.3 E|MANILIUS F
153-23576|23576|153|MM|SO-368|39|106|14|80|46|256|18.9 N|5.5 E|MANILIUS F
153-23577|23577|153|MM|SO-368|39|105|13|80|46|254|18.8 N|4.5 E|MANILIUS F
153-23578|23578|153|MM|SO-368|39|105|12|80|47|254|18.8 N|3.3 E|CONON, S OF
153-23579|23579|153|MM|SO-368|39|105|11|80|45|252|18.7 N|2.6 E|CONON, S OF
153-23580|23580|153|MM|SO-368|39|105|11|80|44|253|18.8 N|1.8 E|CONON, S OF
153-23581|23581|153|MM|SO-368|39|105|10|80|39|253|19.0 N|1.4 E|CONON, S OF
153-23582|23582|153|MM|SO-368|39|104|10|80|29|248|19.1 N|1.5 E|CONON, S OF
154-23661|23661|154|QQ|2485|29|106|08|250|42|227|17.6 N|8.9 E|MANILIUS A
154-23662|23662|154|QQ|2485|29|106|07|250|49|230|17.1 N|7.9 E|MANILIUS B
154-23664|23664|154|QQ|2485|29|105|07|250|30|261|19.6 N|8.1 E|MANILIUS E, NE OF
154-23665|23665|154|QQ|2485|29|105|06|250|43|252|18.8 N|6.7 E|MANILIUS E
154-23667|23667|154|QQ|2485|29|105|05|250|44|255|18.8 N|05.7 E|MANILIUS E, NW HALF
154-23668|23668|154|QQ|2485|29|105|05|250|36|251|19.0 N|06.1 E|MANILIUS E, NW HALF
154-23669|23669|154|QQ|2485|29|105|05|250|32|238|18.6 N|06.0 E|MANILIUS E
154-23670|23670|154|QQ|2485|29|105|06|250|27|201|18.1 N|06.7 E|MANILIUS E, SE HALF
154-23671|23671|154|QQ|2485|29|105|04|250|33|258|19.3 N|04.4 E|MANILIUS E, W OF
154-23672|23672|154|QQ|2485|29|105|04|250|26|235|18.7 N|04.8 E|MANILIUS E, W OF
154-23673|23673|154|QQ|2485|29|104|04|250|62|192|12.1 N|04.2 E|VAPORS, SEA OF, HYGINUS D
154-23674|23674|154|QQ|2485|29|104|02|250|61|202|13.1 N|02.8 E|VAPORS, SEA OF, UKERT, A, W
154-23675|23675|154|QQ|2485|29|104|01|250|59|212|14.1 N|01.7 E|VAPORS, SEA OF
154-23676|23676|154|QQ|2485|29|104|01|250|57|219|15.1 N|01.1 E|VAPORS, SEA OF
154-23677|23677|154|QQ|2485|29|104|00|250|53|227|16.2 N|00.7 E|MARCO POLO P, SE OF
154-23678|23678|154|QQ|2485|29|104|03|250|08|210|19.2 N|04.0 E|CONON W, E OF
154-23679|23679|154|QQ|2485|29|104|01|250|29|236|18.5 N|01.9 E|CONON, RILLE
159-23928|23928|159|XX|2485|27|108|07|55|41|311|22.2 N|10.0 E|SULPICIUS GALLUS RILLES
159-23929|23929|159|XX|2485|27|108|05|55|57|326|25.0 N|08.3 E|ARATUS C, D
159-23930|23930|159|XX|2485|27|108|05|55|58|347|26.2 N|08.3 E|SERENITY, SEA OF, CAUCASUS MOUNTAINS
159-23931|23931|159|XX|2485|27|107|03|55|41|250|18.7 N|05.2 E|MANILIUS F, N OF
139-21322|21322|139|K|3401|73|115|37|60|38|187|19.2 N|4.4 W|APENNINE MTS, WALLACE A, B
139-21323|21323|139|K|3401|73|115|37|60|37|186|19.3 N|4.5 W|APENNINE MTS, WALLACE A, B
145-22277|22277|145|D|SO-368|52|||60||||0.5 W|MARCO POLO, A, D, VAPORS, SEA OF
145-22281|22281|145|D|SO-368|52|112|14|60|50|195|18.4 N|7.6 W|ERATOSTHENES, WOLFF B
145-22283|22283|145|D|SO-368|52|112|12|60|38|214|20.5 N|9.1 W|WALLACE
149-22889|22889|149|KK|SO-368|65|114|32|80|14|005|23.7 N|0.7 W|BRADLEY RILLE
149-22890|22890|149|KK|SO-368|65|114|31|80|14|011|24.7 N|0.9 W|BRADLEY RILLE
149-22891|22891|149|KK|SO-368|65|114|31|80|14|008|23.7 N|1.9 W|BRADLEY RILLE
149-22892|22892|149|KK|SO-368|65|114|31|80|14|012|23.3 N|1.9 W|BRADLEY RILLE
149-22893|22893|149|KK|SO-368|65|114|30|80|12|004|23.7 N|2.2 W|BRADLEY RILLE
149-22894|22894|149|KK|SO-368|65|114|29|80|13|008|23.8 N|3.0 W|BRADLEY RILLE
149-22895|22895|149|KK|SO-368|65|114|29|80|12|012|23.7 N|3.8 W|ARCHIMEDES N
149-22896|22896|149|KK|SO-368|65|114|29|80|10|025|23.5 N|3.5 W|ARCHIMEDES N
149-22897|22897|149|KK|SO-368|65|114|29|80|09|014|23.5 N|3.8 W|ARCHIMEDES N
149-22898|22898|149|KK|SO-368|65|114|28|80|13|005|23.9 N|4.8 W|ARCHIMEDES N, W
149-22899|22899|149|KK|SO-368|65|114|27|80|12|002|23.9 N|5.4 W|ARCHIMEDES W
149-22900|22900|149|KK|SO-368|65|114|27|80|14|004|24.0 N|5.9 W|ARCHIMEDES W
149-22901|22901|149|KK|SO-368|65|114|27|80|12|006|23.9 N|6.3 W|ARCHIMEDES F, W
149-22902|22902|149|KK|SO-368|65|114|26|80|14|007|24.0 N|6.4 W|ARCHIMEDES F, W
149-22903|22903|149|KK|SO-368|65|114|26|80|10|357|23.8 N|7.8 W|ARCHIMEDES F, W
149-22904|22904|149|KK|SO-368|65|114|26|80|09|006|23.7 N|7.2 W|ARCHIMEDES F, W
149-22905|22905|149|KK|SO-368|65|114|26|80|11|006|23.8 N|7.5 W|ARCHIMEDES F, W
149-22906|22906|149|KK|SO-368|65|114|25|80|10|008|23.8 N|7.8 W|ARCHIMEDES F
149-22907|22907|149|KK|SO-368|65|114|25|80|09|359|23.8 N|8.3 W|ARCHIMEDES F
149-22908|22908|149|KK|SO-368|65|114|24|80|06|335|23.6 N|9.2 W|ARCHIMEDES F
149-22909|22909|149|KK|SO-368|65|114|24|80|10|000|23.9 N|9.4 W|ARCHIMEDES F, W OF
149-22910|22910|149|KK|SO-368|65|114|23|80|13|003|24.5 N|9.7 W|ARCHIMEDES F, W OF
153-23583|23583|153|MM|SO-368|39|104|09|80|21|270|19.9 N|0.5 W|APENNINE MOUNTAINS
153-23584|23584|153|MM|SO-368|39|104|08|80|19|287|20.1 N|1.1 W|APENNINE MOUNTAINS
153-23585|23585|153|MM|SO-368|39|103|07|80|26|285|20.2 N|2.6 W|APENNINE MOUNTAINS
153-23586|23586|153|MM|SO-368|39|103|05|80|39|302|21.1 N|4.2 W|WALLACE, E OF
153-23587|23587|153|MM|SO-368|39|103|04|80|43|302|21.4 N|5.5 W|WALLACE, E OF
153-23588|23588|153|MM|SO-368|39|103|03|80|40|280|20.2 N|6.7 W|WALLACE
153-23589|23589|153|MM|SO-368|39|103|01|80|46|281|20.4 N|8.3 W|WALLACE
153-23591|23591|153|MM|SO-368|39|102|01|80|38|297|20.7 N|8.7 W|WALLACE
160-23946|23946|160|YY|2485|42|104|06|55|58|213|14.6 N|6.6 W|SEETHING BAY, ERATOSTHENES, E WALL
139-21286|21286|139|K|3401|65|114|23|60|63|207|15.0 N|11.5 W|ERATOSTHENES
145-22278|22278|145|D|SO-368|52|112|11|60|64|223|16.3 N|10.8 W|ERATOSTHENES, WOLFF B
145-22279|22279|145|D|SO-368|52|||60||||10.0 W|ERATOSTHENES, WOLFF B
145-22280|22280|145|D|SO-368|52|112|10|60|63|217|15.8 N|11.8 W|ERATOSTHENES, WOLFF B
145-22282|22282|145|D|SO-368|52|||60||||11.0 W|ERATOSTHENES, WOLFF B
145-22284|22284|145|D|SO-368|52|||60||||15.0 W|ERATOSTHENES, COPERNICUS
145-22285|22285|145|D|SO-368|52|112|09|60|68|188|09.5 N|13.6 W|ERATOSTHENES, COPERNICUS
145-22286|22286|145|D|SO-368|52|||60||||17.0 W|COPERNICUS, STADIUS RILLE
145-22288|22288|145|D|SO-368|52|112|06|60|45|198|18.8 N|16.0 W|COPERNICUS, STADIUS RILLE
149-22911|22911|149|KK|SO-368|65|114|23|80|12|000|23.5 N|10.3 W|ARCHIMEDES F, W OF
149-22912|22912|149|KK|SO-368|65|114|23|80|07|003|23.6 N|10.7 W|ARCHIMEDES F, W OF
149-22913|22913|149|KK|SO-368|65|114|23|80|03|359|23.4 N|10.9 W|ARCHIMEDES F, W OF
149-22914|22914|149|KK|SO-368|65|114|22|80|04|356|23.5 N|11.6 W|ARCHIMEDES F, W OF
149-22915|22915|149|KK|SO-368|65|114|22|80|04|355|23.5 N|11.9 W|ARCHIMEDES F, W OF
149-22916|22916|149|KK|SO-368|65|114|22|80|05|008|23.5 N|11.9 W|TIMOCHARIS, S OF
149-22917|22917|149|KK|SO-368|65|114|21|80|08|002|23.8 N|12.7 W|TIMOCHARIS, S OF
149-22918|22918|149|KK|SO-368|65|114|20|80|06|000|23.6 N|13.4 W|TIMOCHARIS, S OF
149-22919|22919|149|KK|SO-368|65|114|20|80|07|356|23.7 N|13.8 W|TIMOCHARIS A
149-22920|22920|149|KK|SO-368|65|114|19|80|05|350|23.5 N|14.3 W|TIMOCHARIS A
149-22921|22921|149|KK|SO-368|65|114|19|80|06|350|23.7 N|14.6 W|TIMOCHARIS A
149-22922|22922|149|KK|SO-368|65|114|19|80|07|354|23.7 N|15.0 W|TIMOCHARIS A
149-22923|22923|149|KK|SO-368|65|114|18|80|08|345|23.7 N|15.6 W|TIMOCHARIS A
149-22924|22924|149|KK|SO-368|65|114|18|80|07|347|23.7 N|16.2 W|TIMOCHARIS A
149-22925|22925|149|KK|SO-368|65|114|17|80|08|353|23.8 N|16.5 W|TIMOCHARIS A
149-22926|22926|149|KK|SO-368|65|115|17|80|09|349|23.8 N|17.1 W|TIMOCHARIS E
149-22927|22927|149|KK|SO-368|65|115|16|80|11|348|23.9 N|17.7 W|TIMOCHARIS E
149-22928|22928|149|KK|SO-368|65|115|16|80|10|347|23.9 N|18.1 W|TIMOCHARIS E
149-22929|22929|149|KK|SO-368|65|115|16|80|10|348|23.8 N|18.4 W|TIMOCHARIS E
149-22930|22930|149|KK|SO-368|65|115|15|80|08|353|23.7 N|19.1 W|LAMBERT R
149-22931|22931|149|KK|SO-368|65|115|15|80|10|351|23.8 N|19.7 W|LAMBERT R
149-22932|22932|149|KK|SO-368|65|115|15|80|07|358|23.6 N|19.6 W|LAMBERT R
151-23265|23265|151|OO|SO-368|64|114|15|250|66|191|12.1 N|19.7 W|GAY-LUSSAC, A, COPERNICUS
153-23590|23590|153|MM|SO-368|39|103|-2|80|63|224|13.6 N|11.4 W|WOLFF B, ERATOSTHENES
158-23867|23867|158|WW|2485|17|104||55|22|181|14.7 N|11.9 W|ERATOSTHENES (EARTHSHINE)
158-23868|23868|158|WW|2485|17|104||55|22|178|14.7 N|11.8 W|ERATOSTHENES (EARTHSHINE)
158-23869|23869|158|WW|2485|17|104||55|25|166|14.3 N|11.8 W|ERATOSTHENES (EARTHSHINE)
158-23870|23870|158|WW|2485|17|104||55|24|165|14.4 N|11.9 W|ERATOSTHENES (EARTHSHINE)
158-23871|23871|158|WW|2485|17|104||55|25|159|14.3 N|11.8 W|ERATOSTHENES (EARTHSHINE)
158-23872|23872|158|WW|2485|17|104||55|22|159|14.4 N|11.9 W|ERATOSTHENES (EARTHSHINE)
158-23873|23873|158|WW|2485|17|104||55|30|131|14.5 N|10.8 W|ERATOSTHENES (EARTHSHINE)
158-23881|23881|158|WW|2485|17|103||55|49|181|09.9 N|19.9 W|COPERNICUS (EARTHSHINE)
160-23947|23947|160|YY|2485|42|103|02|55|51|341|23.9 N|10.7 W|RAINS, SEA OF, TIMOCHARIS, E WALL
139-21287|21287|139|K|3401|65|114|16|60|68|201|10.0 N|20.0 W|COPERNICUS, RAINS, SEA OF
139-21288|21288|139|K|3401|65|114|15|60|68|201|10.0 N|20.2 W|COPERNICUS, RAINS, SEA OF
139-21289|21289|139|K|3401|65|115|14|60|62|166|14.6 N|21.7 W|COPERNICUS, RAINS, SEA OF
139-21290|21290|139|K|3401|65|115|11|60|60|180|15.1 N|24.0 W|COPERNICUS, RAINS, SEA OF
139-21291|21291|139|K|3401|65|115|09|60|55|191|16.9 N|26.8 W|TOBIAS MAYER, RAINS, SEA OF
139-21292|21292|139|K|3401|65|115|07|60|48|187|18.0 N|28.6 W|TOBIAS MAYER, RAINS, SEA OF
139-21297|21297|139|K|3401|66|115|07|60|16|318|23.4 N|29.4 W|EULER
145-22287|22287|145|D|SO-368|52|||60||||20.0 W|COPERNICUS, STADIUS RILLS
149-22933|22933|149|KK|SO-368|65|115|14|80|06|358|23.5 N|20.1 W|LAMBERT R
149-22934|22934|149|KK|SO-368|65|115|14|80|06|000|23.5 N|20.4 W|LAMBERT R
149-22935|22935|149|KK|SO-368|65|115|14|80|09|358|23.5 N|20.3 W|LAMBERT R
149-22936|22936|149|KK|SO-368|65|115|13|80|05|357|23.4 N|21.2 W|LAMBERT R
149-22937|22937|149|KK|SO-368|65|115|13|80|05|358|23.4 N|21.5 W|LAMBERT R
149-22938|22938|149|KK|SO-368|65|115|13|80|05|358|23.3 N|21.9 W|LAMBERT R
149-22939|22939|149|KK|SO-368|65|115|12|80|07|011|23.5 N|22.2 W|LAMBERT R
149-22940|22940|149|KK|SO-368|65|115|12|80|04|004|23.3 N|22.3 W|LAMBERT R
149-22941|22941|149|KK|SO-368|65|115|11|80|04|352|23.2 N|23.5 W|LAMBERT R, W OF
151-23266|23266|151|OO|SO-368|64|114|15|250|68|188|09.8 N|20.2 W|GAY-LUSSAC, A, COPERNICUS
151-23268|23268|151|OO|SO-368|65|115|06|80|45|234|20.3 N|29.3 W|EULER P
151-23269|23269|151|OO|SO-368|65|115|08|80|39|182|19.4 N|27.0 W|TOBIAS MAYER, A, G, P
155-23706|23706|155|RR|2485|62|114|08|250|29|170|20.5 N|24.2 W|PYTHEAS BETA
155-23707|23707|155|RR|2485|62|114|08|250|31|170|20.3 N|24.2 W|PYTHEAS BETA
155-23708|23708|155|RR|2485|62|114|08|250|33|169|20.1 N|24.2 W|PYTHEAS BETA
155-23709|23709|155|RR|2485|62|114|08|250|36|169|19.8 N|24.2 W|PYTHEAS BETA
155-23710|23710|155|RR|2485|62|114|08|250|38|169|19.6 N|24.2 W|PYTHEAS BETA
155-23711|23711|155|RR|2485|62|114|08|250|40|168|19.3 N|24.2 W|PYTHEAS BETA, SW OF
155-23712|23712|155|RR|2485|62|114|02|250|64|353|31.9 N|29.7 W|LA HIRE D, C, HERSCHEL
155-23713|23713|155|RR|2485|62|114|03|250|59|358|29.4 N|29.5 W|LA HIRE D
155-23714|23714|155|RR|2485|62|114|02|250|52|358|27.4 N|29.9 W|LA HIRE C, W OF
155-23726|23726|155|RR|2485|66|115|13|250|61|178|14.7 N|23.1 W|GAY-LUSSAC C, CARPATHIAN MOUNTAINS
155-23727|23727|155|RR|2485|66|115|12|250|06|174|22.6 N|23.5 W|PYTHEAS W, N OF
155-23728|23728|155|RR|2485|66|115|12|250|57|184|16.4 N|24.2 W|CARPATHIAN MOUNTAINS
155-23729|23729|155|RR|2485|66|115|08|250|52|328|27.3 N|28.1 W|LA HIRE C, RILLE I I
155-23730|23730|155|RR|2485|66|115|08|250|48|335|27.0 N|27.1 W|LA HIRE C, RILLE I I
155-23731|23731|155|RR|2485|66|115|07|250|37|319|25.1 N|28.7 W|EULER H
155-23732|23732|155|RR|2485|66|115|09|250|66|183|11.2 N|28.0 W|TOBIAS MAYER D, P
155-23733|23733|155|RR|2485|66|115|07|250|66|186|11.3 N|29.4 W|TOBIAS MAYER, A, P, MILICHIUS
155-23734|23734|155|RR|2485|66|115|07|250|48|185|18.0 N|28.9 W|CARPATHIAN MOUNTAINS
155-23736|23736|155|RR|2485|66|115|07|250|48|169|18.1 N|28.9 W|CARPATHIAN MOUNTAINS
155-23739|23739|155|RR|2485|66|115|07|250|66|170|11.1 N|29.9 W|TOBIAS MAYER P, MILICHIUS
158-23879|23879|158|WW|2485|17|103||55|49|187|09.9 N|20.1 W|COPERNICUS (EARTHSHINE)
158-23880|23880|158|WW|2485|17|103||55|49|190|10.0 N|20.5 W|COPERNICUS (EARTHSHINE)
158-23882|23882|158|WW|2485|17|102||55|43|178|10.1 N|22.0 W|COPERNICUS, W OF (EARTHSHINE)
160-23979|23979|160|YY|2485|63|114|11|55|21|348|24.4 N|21.8 W|LAMBERT, SW WALL
160-23981|23981|160|YY|2485|64|114|06|55|57|203|16.5 N|28.9 W|TOBIAS MAYER, A, B, G, P
160-23982|23982|160|YY|2485|64|115|05|55|53|206|17.9 N|29.9 W|TOBIAS MAYER, A, B, P
160-23991|23991|160|YY|2485|67|116|10|55|54|144|17.3 N|27.4 W|TOBIAS MAYER, A, C
139-21293|21293|139|K|3401|65|115|04|60|57|209|16.9 N|31.5 W|TOBIAS MAYER, RAINS, SEA OF
139-21294|21294|139|K|3401|65|115|05|60|54|190|16.7 N|30.3 W|TOBIAS MAYER, RAINS, SEA OF
139-21295|21295|139|K|3401|65|115|03|60|54|202|17.1 N|32.3 W|TOBIAS MAYER, RAINS, SEA OF
155-23715|23715|155|RR|2485|62|114|02|250|47|354|26.4 N|30.2 W|LA HIRE C, SW OF
155-23716|23716|155|RR|2485|62|114|02|250|42|349|25.6 N|30.6 W|EULER H, W OF
155-23717|23717|155|RR|2485|62|114|01|250|32|352|24.3 N|31.5 W|EULER, NW OF
155-23718|23718|155|RR|2485|62|114|01|250|27|355|23.9 N|31.5 W|EULER, W OF
155-23719|23719|155|RR|2485|62|114|01|250|01|001|22.0 N|31.4 W|EULERJ
155-23720|23720|155|RR|2485|62|114|00|250|12|215|21.1 N|32.6 W|EULER K, W OF
155-23721|23721|155|RR|2485|62|114|00|250|10|308|22.2 N|32.8 W|EULER BETA
155-23722|23722|155|RR|2485|62|114|00|250|28|348|23.7 N|32.8 W|EULER BETA, N OF
155-23723|23723|155|RR|2485|62|115|00|250|36|009|24.6 N|32.3 W|EULER E, E OF
155-23724|23724|155|RR|2485|62|115|00|250|45|353|25.7 N|33.4 W|EULER E, N
155-23725|23725|155|RR|2485|62|115|00|250|60|359|29.1 N|33.1 W|DIOPHANTUS B, DELISLE
155-23735|23735|155|RR|2485|66|115|06|250|24|193|20.8 N|30.1 W|EULER DELTA
155-23737|23737|155|RR|2485|66|115|03|250|50|321|26.3 N|33.2 W|DIOPHANTUS, SE RIM
155-23738|23738|155|RR|2485|66|115|05|250|32|180|19.8 N|31.8 W|EULER P, W WALL
155-23740|23740|155|RR|2485|66|115|06|250|57|171|15.6 N|30.9 W|TOBIAS MAYER B, P
155-23741|23741|155|RR|2485|66|115|01|250|49|320|26.0 N|35.6 W|DIOPHANTUS D
155-23742|23742|155|RR|2485|66|116|02|250|05|324|22.3 N|34.8 W|EULER BETA, W OF
155-23743|23743|155|RR|2485|66|116|02|250|14|146|21.2 N|34.1 W|BRAYLEY B
155-23744|23744|155|RR|2485|66|116|03|250|42|157|18.7 N|33.3 W|TOBIAS MAYER RHO
155-23745|23745|155|RR|2485|66|116|04|250|67|172|09.2 N|33.1 W|KEPLER P, GAMMA, MILICHIUS A
155-23746|23746|155|RR|2485|66|116|01|250|67|181|09.2 N|35.7 W|KEPLER A, B
155-23747|23747|155|RR|2485|66|116|01|250|59|181|14.7 N|35.8 W|BESSARION V
155-23748|23748|155|RR|2485|66|116|01|250|46|182|17.5 N|35.9 W|TOBIAS MAYER W, W WALL
155-23749|23749|155|RR|2485|66|116|01|250|16|171|20.7 N|35.7 W|BRAYLEY, E OF
155-23750|23750|155|RR|2485|66|116|01|250|05|336|22.1 N|36.1 W|BRAYLEY, NE OF
155-23751|23751|155|RR|2485|66|116|00|250|34|166|19.1 N|36.5 W|BRAYLEY, S OF
155-23755|23755|155|RR|2485|74|118|08|250|30|219|21.0 N|35.7 W|BRAYLEY ALPHA
155-23756|23756|155|RR|2485|74|118|08|250|38|217|20.1 N|36.0 W|BRAYLEY, E OF
155-23757|23757|155|RR|2485|74|118|09|250|25|216|21.3 N|35.5 W|BRAYLEY ALPHA
155-23758|23758|155|RR|2485|74|118|07|250|13|227|20.0 N|36.7 W|BRAYLEY, E OF
155-23759|23759|155|RR|2485|74|118|07|250|18|220|21.7 N|37.0 W|BRAYLEY
155-23760|23760|155|RR|2485|74|118|07|250|23|217|21.3 N|37.3 W|BRAYLEY
155-23761|23761|155|RR|2485|74|118|08|250|22|172|21.1 N|36.1 W|BRAYLEY, E WALL
155-23762|23762|155|RR|2485|74|118|06|250|36|220|20.3 N|38.6 W|BRAYLEY C, SE OF
155-23763|23763|155|RR|2485|74|118|05|250|39|224|20.2 N|39.1 W|BRAYLEY C, SE OF
155-23764|23764|155|RR|2485|74|118|05|250|41|227|20.2 N|39.6 W|BRAYLEY C, S OF
155-23765|23765|155|RR|2485|74|118|05|250|40|230|20.4 N|39.8 W|BRAYLEY C, S OF
157-23842|23842|157|VV|2485|73|118|05|55|32|246|21.5 N|38.5 W|BRAYLEY C
157-23843|23843|157|VV|2485|73|118|10|55|58|170|15.7 N|33.8 W|TOBIAS MAYER B, W, MILICHIUS A
157-23844|23844|157|VV|2485|73|118|05|55|57|212|17.0 N|38.3 W|BESSARION, A, B, C, E
157-23845|23845|157|VV|2485|73|117|04|55|55|308|24.3 N|39.1 W|PRINZ, E OF
157-23846|23846|157|VV|2485|73|117|05|55|56|321|26.7 N|37.9 W|DIOPHANTUS, W OF, ANGSTROM
157-23847|23847|157|VV|2485|73|117|06|55|56|319|27.8 N|36.3 W|DIOPHANTUS, DELISLE, ANGSTROM
160-23980|23980|160|YY|2485|63|114|03|55|53|287|24.2 N|30.7 W|EULER, E, DIOPHANTUS
160-23983|23983|160|YY|2485|64|115|03|55|44|241|20.5 N|31.4 W|EULER P, BRAYLEY B, D
160-23992|23992|160|YY|2485|67|116|06|55|48|128|19.1 N|31.2 W|EULER P, BRAYLEY D
160-23993|23993|160|YY|2485|67|116|04|55|57|150|15.8 N|33.4 W|TOBIAS MAYER B, W
160-23994|23994|160|VY|2485|67|116|02|55|60|156|14.5 N|35.8 W|TOBIAS MAYER W, BESSARION, E
160-23995|23995|160|YY|2485|67|116|00|55|61|122|16.0 N|37.6 W|TOBIAS MAYER W, BESSARION, E
155-23766|23766|155|RR|2485|74|118|03|250|49|185|17.3 N|41.5 W|BESSARION B
155-23767|23767|155|RR|2485|74|118|01|250|45|206|18.5 N|43.3 W|BESSARION B, NW OF
155-23768|23768|155|RR|2485|74|118|00|250|23|243|21.2 N|44.4 W|ARISTARCHUS F, E OF
155-23769|23769|155|RR|2485|74|118|01|250|67|184|08.8 N|43.9 W|KEPLER CA
155-23770|23770|155|RR|2485|74|118|02|250|66|178|10.1 N|42.7 W|KEPLER C, CA, PI
155-23771|23771|155|RR|2485|74|118|03|250|66|172|09.6 N|41.6 W|KEPLER C, CA, KAPPA, PI
155-23772|23772|155|RR|2485|74|118|00|250|09|221|21.3 N|44.4 W|ARISTARCHUS F, E OF
155-23773|23773|155|RR|2485|74|118|01|250|06|350|22.2 N|44.1 W|ARISTARCHUS F, NE OF
155-23774|23774|155|RR|2485|74|118|01|250|45|144|18.1 N|43.6 W|BESSARION B, NW OF
155-23775|23775|155|RR|2485|74|119|00|250|49|147|17.3 N|44.4 W|BESSARION B, W OF
155-23776|23776|155|RR|2485|74|119|01|250|68|167|07.6 N|44.0 W|MARIUS D, DA
158-23897|23897|158|WW|2485|17|98|55|58|320|7.7 N|58.8 W|REINER GAMMA (EARTHSHINE)|
158-23893|23893|158|WW|2485|17|||55||||75.5 W|REINER, OVEREXPOSED (EARTHSHINE)
158-23894|23894|158|WW|2485|17|||55||||75.2 W|REINER, OVEREXPOSED (EARTHSHINE)
158-23895|23895|158|WW|2485|17|||55||||79.0 W|REINER GAMMA, OVEREXPOSED (EARTHSHINE)
161-24003|24003|161|ZZ|2485|16|97||55|36|278|01.7 S|70.5 W|RICCIOLI, D, G (EARTHSHINE)
161-24004|24004|161|ZZ|2485|16|97||55|35|283|01.8 S|71.2 W|RICCIOLI, D, G (EARTHSHINE)
161-24005|24005|161|ZZ|2485|16|97||55|41|295|01.3 S|72.2 W|RICCIOLI, D, G (EARTHSHINE)
161-24006|24006|161|ZZ|2485|16|97||55|34|332|00.6 S|70.7 W|RICCIOLI, E RIM, G (EARTHSHINE)
161-24007|24007|161|ZZ|2485|16|97||55|23|333|01.4 S|70.5 W|RICCIOLI, E RIM, G (EARTHSHINE)
161-24008|24008|161|ZZ|2485|16|97||55|52|288|01.4 S|74.4 W|RICCIOLI, D, K (EARTHSHINE)
161-24009|24009|161|ZZ|2485|16|97||55|54|293|01.2 S|75.8 W|RICCIOLI, D, K (EARTHSHINE)
161-24010|24010|161|ZZ|2485|16|97||55|62|264|04.3 S|79.3 W|HARTWIG, A, SCHLUTER (EARTHSHINE)
161-24011|24011|161|ZZ|2485|16|97||55|39|273|03.6 S|75.6 W|RICCIOLI, D, SW RIM (EARTHSHINE)
158-23901|23901|158|WW|2485|17|98||55|59|203|11.8 S|83.0 W|SCHLUTER A, ROOK MOUNTAINS (EARTHSHINE)
158-23902|23902|158|WW|2485|17|98||55|61|181|13.5 S|82.2 W|ROOK, CORDED MOUNTAINS (EARTHSHINE)
158-23903|23903|158|WW|2485|17|98||55|58|177|14.5 S|87.4 W|KOPFF, ROOK MOUNTAINS (EARTHSHINE)
161-24013|24013|161|ZZ|2485|16|97||55|62|257|06.2 S|82.2 W|HARTWIG, SCHLUTER (EARTHSHINE)
161-24014|24014|161|ZZ|2485|16|98||55|44|285|05.4 S|83.2 W|SCHLUTER (EARTHSHINE)
161-24016|24016|161|ZZ|2485|16|98||55|60|203|14.5 S|89.7 W|EASTERN SEA, KOPFF, HOHMANN (EARTHSHINE)
161-24015|24015|161|ZZ|2485|16|98||55|62|257|9.1 S|90.7 W|ROOK MOUNTAINS (EARTHSHINE)
