-024000|72-H-1454.jpg
-004701|S72-54881.jpg
-000100|prelaunch_21251698486_a6c893d505_o.jpg
-000005|72-H-1515.jpg
0000001|liftoff2-noID.jpg
0000003|launch_14963763190_bf5c970e23_o.jpg
0000008|S72-55482.jpg
0000013|7161301334_78b1a3d152_o.jpg
0001154|72-HC-888.jpg
0031723|148-22667.jpg
0031728|148-22668.jpg
0031801|148-22669.jpg
0031805|148-22671.jpg
0031810|148-22672.jpg
0033854|148-22677.jpg
0033859|148-22678.jpg
0034412|148-22687.jpg
0034417|148-22688.jpg
0044729|148-22699.jpg
0044735|148-22700.jpg
0044740|148-22701.jpg
0044745|148-22702.jpg
0045025|148-22703.jpg
0045030|148-22704.jpg
0045035|148-22705.jpg
0045040|148-22706.jpg
0045045|148-22707.jpg
0045330|148-22708.jpg
0045335|148-22709.jpg
0045340|148-22710.jpg
0045345|148-22711.jpg
0045710|148-22712.jpg
0045715|148-22713.jpg
0045720|148-22714.jpg
0050310|148-22724.jpg
0050315|148-22725.jpg
0050325|148-22726.jpg
0050330|148-22727.jpg
0050335|148-22728.jpg
0054950|148-22732.jpg
0055010|148-22733.jpg
0075433|148-22734.jpg
0075443|148-22735.jpg
0075453|148-22736.jpg
1181820|134-20376.jpg
1182337|134-20377.jpg
1182347|134-20378.jpg
1182353|134-20379.jpg
1182422|134-20380.jpg
1182510|134-20381.jpg
1182529|134-20382.jpg
1182603|134-20383.jpg
1182611|134-20384.jpg
1182623|134-20385.jpg
1182631|134-20386.jpg
1182650|134-20387.jpg
1183043|134-20388.jpg
1183232|134-20389.jpg
1205426|136-20682.jpg
1205555|136-20683.jpg
1205558|136-20684.jpg
1205601|136-20685.jpg
1205604|136-20686.jpg
1205607|136-20687.jpg
1205610|136-20688.jpg
1205613|136-20689.jpg
1205616|136-20690.jpg
1205619|136-20691.jpg
1205622|136-20692.jpg
1205625|136-20693.jpg
1205628|136-20694.jpg
1205631|136-20695.jpg
1205634|136-20696.jpg
1205637|136-20697.jpg
1205640|136-20698.jpg
1205643|136-20699.jpg
1205646|136-20700.jpg
1205649|136-20701.jpg
1205652|136-20702.jpg
1205655|136-20703.jpg
1205658|136-20704.jpg
1205701|136-20705.jpg
1205704|136-20706.jpg
1205707|136-20707.jpg
1205710|136-20708.jpg
1205713|136-20709.jpg
1205716|136-20710.jpg
1205819|136-20711.jpg
1205824|136-20712.jpg
1205828|136-20713.jpg
1211023|134-20395.jpg
1211330|136-20714.jpg
1211335|136-20715.jpg
1211340|136-20716.jpg
1211345|136-20717.jpg
1211611|136-20718.jpg
1211616|136-20719.jpg
1211654|134-20396.jpg
1211756|134-20397.jpg
1211801|134-20398.jpg
1211811|134-20399.jpg
1211830|136-20720.jpg
1212046|136-20721.jpg
1212051|136-20722.jpg
1215051|136-20723.jpg
1215056|136-20724.jpg
1215101|136-20725.jpg
1215106|136-20726.jpg
1215626|136-20727.jpg
1215627|134-20390.jpg
1215646|136-20728.jpg
1215647|134-20391.jpg
1215657|134-20392.jpg
1215706|136-20729.jpg
1215726|136-20730.jpg
1215746|136-20731.jpg
1215806|136-20732.jpg
1215826|136-20733.jpg
1215846|136-20734.jpg
1215947|136-20735.jpg
1220007|136-20736.jpg
1220127|136-20737.jpg
1220337|134-20393.jpg
1220337|136-20738.jpg
1221018|134-20394.jpg
1221018|136-20739.jpg
1221022|136-20740.jpg
1221756|136-20741.jpg
1222134|134-20400.jpg
1222313|134-20401.jpg
1222318|134-20402.jpg
1222328|134-20403.jpg
1222333|134-20404.jpg
1222531|134-20405.jpg
1222531|136-20742.jpg
1222536|134-20406.jpg
1222541|134-20407.jpg
1222601|136-20743.jpg
1222614|134-20408.jpg
1222618|134-20409.jpg
1222622|134-20410.jpg
1222626|134-20411.jpg
1222630|134-20412.jpg
1222634|134-20413.jpg
1222638|134-20414.jpg
1222642|134-20415.jpg
1222646|134-20416.jpg
1222650|134-20417.jpg
1222654|134-20418.jpg
1222658|134-20419.jpg
1222702|134-20420.jpg
1222706|134-20421.jpg
1222710|134-20422.jpg
1222714|134-20423.jpg
1222718|134-20424.jpg
1222722|134-20425.jpg
1222726|134-20426.jpg
1222730|134-20427.jpg
1222733|134-20431.jpg
1222734|134-20428.jpg
1222738|134-20429.jpg
1222742|134-20430.jpg
1223027|134-20432.jpg
1223250|136-20744.jpg
1223253|136-20745.jpg
1223256|136-20746.jpg
1223259|136-20747.jpg
1223302|136-20748.jpg
1223305|136-20749.jpg
1223308|136-20750.jpg
1223311|136-20751.jpg
1223314|136-20752.jpg
1223317|136-20753.jpg
1223320|136-20754.jpg
1223323|136-20755.jpg
1223326|136-20756.jpg
1223329|136-20757.jpg
1223332|136-20758.jpg
1223335|136-20759.jpg
1223338|136-20760.jpg
1223341|136-20761.jpg
1223344|136-20762.jpg
1223347|136-20763.jpg
1223350|136-20764.jpg
1223353|136-20765.jpg
1223356|136-20766.jpg
1223359|136-20767.jpg
1223402|136-20768.jpg
1223405|136-20769.jpg
1223408|136-20770.jpg
1223411|136-20771.jpg
1223414|136-20772.jpg
1223417|136-20773.jpg
1223420|136-20774.jpg
1223423|136-20775.jpg
1223426|136-20776.jpg
1223634|136-20777.jpg
1223936|136-20778.jpg
1223956|136-20779.jpg
1224035|136-20780.jpg
1224039|136-20781.jpg
1224043|136-20782.jpg
1224047|136-20783.jpg
1224051|136-20784.jpg
1224055|136-20785.jpg
1224059|136-20786.jpg
1224103|136-20787.jpg
1224107|136-20788.jpg
1224111|136-20789.jpg
1224115|136-20790.jpg
1224119|136-20791.jpg
1224123|136-20792.jpg
1224127|136-20793.jpg
1224131|136-20794.jpg
1224135|136-20795.jpg
1224139|136-20796.jpg
1224143|136-20797.jpg
1224147|136-20798.jpg
1224151|136-20799.jpg
1224155|136-20800.jpg
1224159|136-20801.jpg
1224203|136-20802.jpg
1224207|136-20803.jpg
1224211|136-20804.jpg
1224215|134-20433.jpg
1224215|136-20805.jpg
1224219|136-20806.jpg
1224220|134-20434.jpg
1224223|136-20807.jpg
1224227|136-20808.jpg
1224231|136-20809.jpg
1224235|136-20810.jpg
1224239|136-20811.jpg
1224300|136-20812.jpg
1224304|136-20813.jpg
1224308|136-20814.jpg
1224312|136-20815.jpg
1224316|136-20816.jpg
1224320|136-20817.jpg
1224324|136-20818.jpg
1224328|136-20819.jpg
1224332|136-20820.jpg
1224336|136-20821.jpg
1224340|136-20822.jpg
1224344|136-20823.jpg
1224348|136-20824.jpg
1224352|136-20825.jpg
1224356|136-20826.jpg
1224400|136-20827.jpg
1224404|136-20828.jpg
1224500|136-20829.jpg
1224508|136-20830.jpg
1224516|136-20831.jpg
1224524|136-20832.jpg
1224532|136-20833.jpg
1224540|136-20834.jpg
1224548|136-20835.jpg
1224556|136-20836.jpg
1224604|136-20837.jpg
1224612|136-20838.jpg
1224620|136-20839.jpg
1224628|136-20840.jpg
1224636|136-20841.jpg
1224644|136-20842.jpg
1224652|136-20843.jpg
1224700|136-20844.jpg
1224708|136-20845.jpg
1224716|136-20846.jpg
1224724|136-20847.jpg
1224732|136-20848.jpg
1224740|136-20849.jpg
1224748|136-20850.jpg
1224756|136-20851.jpg
1224804|136-20852.jpg
1224812|136-20853.jpg
1224820|136-20854.jpg
1224828|136-20855.jpg
1224836|136-20856.jpg
1224844|136-20857.jpg
1224852|136-20858.jpg
1224900|136-20859.jpg
1224908|136-20860.jpg
1224916|136-20861.jpg
1224924|136-20862.jpg
1224932|136-20863.jpg
1230105|134-20435.jpg
1230403|134-20436.jpg
1230624|134-20437.jpg
1230634|134-20438.jpg
1230644|134-20439.jpg
1230654|134-20440.jpg
1230704|134-20441.jpg
1230714|134-20442.jpg
1230724|134-20443.jpg
1230734|134-20444.jpg
1230744|134-20445.jpg
1230754|134-20446.jpg
1230804|134-20447.jpg
1230814|134-20448.jpg
1405851|137-20866.jpg
1405857|137-20867.jpg
1405903|137-20868.jpg
1405909|137-20869.jpg
1405915|137-20870.jpg
1405921|137-20871.jpg
1405927|137-20872.jpg
1405933|137-20873.jpg
1405939|137-20874.jpg
1405945|137-20875.jpg
1405951|137-20876.jpg
1405957|137-20877.jpg
1410003|137-20878.jpg
1410009|137-20879.jpg
1410016|137-20880.jpg
1410022|137-20881.jpg
1410028|137-20882.jpg
1410034|137-20883.jpg
1410040|137-20884.jpg
1410046|137-20885.jpg
1410052|137-20886.jpg
1410058|137-20887.jpg
1410104|137-20888.jpg
1410110|137-20889.jpg
1410116|137-20890.jpg
1410122|137-20891.jpg
1410128|137-20892.jpg
1410135|137-20893.jpg
1412313|135-20533.jpg
1412333|135-20534.jpg
1412353|135-20535.jpg
1412413|135-20536.jpg
1412433|135-20537.jpg
1412453|135-20538.jpg
1412513|135-20539.jpg
1412533|135-20540.jpg
1412553|135-20541.jpg
1412708|135-20542.jpg
1412718|135-20543.jpg
1412728|135-20544.jpg
1412738|135-20545.jpg
1412748|135-20546.jpg
1412831|135-20547.jpg
1412841|135-20548.jpg
1412851|135-20549.jpg
1412901|135-20550.jpg
1412911|135-20551.jpg
1413310|135-20552.jpg
1413320|135-20553.jpg
1413330|135-20554.jpg
1413400|135-20555.jpg
1413420|135-20556.jpg
1413440|135-20557.jpg
1413500|135-20558.jpg
1413520|135-20559.jpg
1413540|135-20560.jpg
1413600|135-20561.jpg
1413620|135-20562.jpg
1413652|135-20563.jpg
1413712|135-20564.jpg
1413732|135-20565.jpg
1413752|135-20566.jpg
1413812|135-20567.jpg
1413832|135-20568.jpg
1413852|135-20569.jpg
1413900|135-20570.jpg
1413905|135-20571.jpg
1413910|135-20572.jpg
1413915|135-20573.jpg
1413920|135-20574.jpg
1413925|135-20575.jpg
1413930|135-20576.jpg
1413935|135-20577.jpg
1413940|135-20578.jpg
1413945|135-20579.jpg
1413950|135-20580.jpg
1413955|135-20581.jpg
1414041|135-20582.jpg
1414051|135-20583.jpg
1414101|135-20584.jpg
1414111|135-20585.jpg
1414121|135-20586.jpg
1414131|135-20587.jpg
1414223|135-20588.jpg
1414230|135-20589.jpg
1414235|135-20590.jpg
1414303|135-20591.jpg
1414325|135-20592.jpg
1414330|135-20593.jpg
1414403|135-20594.jpg
1414421|135-20595.jpg
1414426|135-20596.jpg
1414431|135-20597.jpg
1414436|135-20598.jpg
1414441|135-20599.jpg
1414446|135-20600.jpg
1414451|135-20601.jpg
1414456|135-20602.jpg
1414501|135-20603.jpg
1414506|135-20604.jpg
1414511|135-20605.jpg
1414516|135-20606.jpg
1414609|135-20607.jpg
1414619|135-20608.jpg
1414629|135-20609.jpg
1414947|135-20610.jpg
1414952|135-20611.jpg
1414957|135-20612.jpg
1415002|135-20613.jpg
1415007|135-20614.jpg
1415012|135-20615.jpg
1415017|135-20616.jpg
1415022|135-20617.jpg
1415027|135-20618.jpg
1415032|135-20619.jpg
1415037|135-20620.jpg
1415042|135-20621.jpg
1415047|135-20622.jpg
1415341|135-20623.jpg
1415351|135-20624.jpg
1415401|135-20625.jpg
1415411|135-20626.jpg
1415612|135-20627.jpg
1415612|137-20894.jpg
1415622|135-20628.jpg
1415750|135-20629.jpg
1415829|135-20630.jpg
1415834|135-20631.jpg
1415839|135-20632.jpg
1415844|135-20633.jpg
1415849|135-20634.jpg
1415854|135-20635.jpg
1415859|135-20636.jpg
1415928|137-20895.jpg
1420244|137-20896.jpg
1420410|135-20637.jpg
1420420|135-20638.jpg
1420430|135-20639.jpg
1420440|135-20640.jpg
1420453|135-20641.jpg
1420503|135-20642.jpg
1420601|137-20897.jpg
1420621|135-20643.jpg
1420639|135-20644.jpg
1420649|135-20645.jpg
1420659|135-20646.jpg
1420709|135-20647.jpg
1420719|135-20648.jpg
1420917|137-20898.jpg
1421234|135-20649.jpg
1421234|137-20899.jpg
1421500|135-20650.jpg
1421510|135-20651.jpg
1421520|135-20652.jpg
1421530|135-20653.jpg
1421540|135-20654.jpg
1421550|135-20655.jpg
1421600|135-20656.jpg
1422417|135-20657.jpg
1422422|135-20658.jpg
1422427|135-20659.jpg
1422432|135-20660.jpg
1422437|135-20661.jpg
1422442|135-20662.jpg
1422447|135-20663.jpg
1422452|135-20664.jpg
1422945|135-20665.jpg
1423102|135-20666.jpg
1423107|135-20667.jpg
1423112|135-20668.jpg
1423117|135-20669.jpg
1423122|135-20670.jpg
1423127|135-20671.jpg
1423401|135-20672.jpg
1423559|135-20673.jpg
1423609|135-20674.jpg
1423619|135-20675.jpg
1425040|135-20676.jpg
1425044|135-20677.jpg
1425048|135-20678.jpg
1425453|137-20900.jpg
1425453|138-21029.jpg
1425455|137-20901.jpg
1430141|137-20902.jpg
1430142|137-20903.jpg
1430143|137-20904.jpg
1430145|137-20905.jpg
1430146|137-20906.jpg
1430148|137-20907.jpg
1430149|137-20908.jpg
1430151|137-20909.jpg
1430155|138-21030.jpg
1430200|138-21031.jpg
1430205|138-21032.jpg
1430210|138-21033.jpg
1430215|138-21034.jpg
1430220|138-21035.jpg
1430637|138-21036.jpg
1430639|138-21037.jpg
1430809|137-20910.jpg
1430812|137-20911.jpg
1430956|137-20912.jpg
1431040|137-20913.jpg
1431124|137-20914.jpg
1431132|138-21038.jpg
1431142|138-21039.jpg
1431209|137-20915.jpg
1431253|137-20916.jpg
1431338|137-20917.jpg
1431422|137-20918.jpg
1431506|137-20919.jpg
1431551|137-20920.jpg
1431635|137-20921.jpg
1431720|137-20922.jpg
1431759|138-21040.jpg
1431802|138-21041.jpg
1431804|137-20923.jpg
1431805|138-21042.jpg
1431849|137-20924.jpg
1432027|137-20925.jpg
1432135|138-21043.jpg
1432137|138-21044.jpg
1432139|138-21045.jpg
1432141|138-21046.jpg
1432204|137-20926.jpg
1432206|137-20927.jpg
1432208|137-20928.jpg
1432211|137-20929.jpg
1432213|137-20930.jpg
1432215|137-20931.jpg
1432218|137-20932.jpg
1432220|137-20933.jpg
1432222|137-20934.jpg
1432225|137-20935.jpg
1432227|137-20936.jpg
1432230|137-20937.jpg
1432232|137-20938.jpg
1432234|137-20939.jpg
1432237|137-20940.jpg
1432239|137-20941.jpg
1432241|137-20942.jpg
1432244|137-20943.jpg
1432246|137-20944.jpg
1432248|137-20945.jpg
1432251|137-20946.jpg
1432253|137-20947.jpg
1432256|137-20948.jpg
1432258|137-20949.jpg
1432300|137-20950.jpg
1432303|137-20951.jpg
1432305|137-20952.jpg
1432307|137-20953.jpg
1432310|137-20954.jpg
1432312|137-20955.jpg
1432314|137-20956.jpg
1432322|137-20957.jpg
1432324|137-20958.jpg
1432326|137-20959.jpg
1432328|137-20960.jpg
1432330|137-20961.jpg
1432720|137-20962.jpg
1432835|137-20963.jpg
1432835|138-21047.jpg
1432837|137-20964.jpg
1432851|138-21048.jpg
1432854|138-21049.jpg
1433205|137-20965.jpg
1433207|137-20966.jpg
1433209|137-20967.jpg
1433212|137-20968.jpg
1433214|137-20969.jpg
1433217|137-20970.jpg
1433219|137-20971.jpg
1433222|137-20972.jpg
1433224|137-20973.jpg
1433235|138-21050.jpg
1433242|138-21051.jpg
1433248|138-21052.jpg
1433716|138-21053.jpg
1433719|138-21054.jpg
1433722|138-21055.jpg
1433725|138-21056.jpg
1433728|137-20974.jpg
1433728|138-21057.jpg
1433730|137-20975.jpg
1433732|138-21058.jpg
1433735|138-21059.jpg
1433738|138-21060.jpg
1433741|138-21061.jpg
1433744|138-21062.jpg
1433748|138-21063.jpg
1433751|138-21064.jpg
1433754|138-21065.jpg
1433757|138-21066.jpg
1433800|138-21067.jpg
1433804|138-21068.jpg
1433807|138-21069.jpg
1433810|138-21070.jpg
1433813|138-21071.jpg
1433816|138-21072.jpg
1433820|138-21073.jpg
1433930|137-20976.jpg
1433932|137-20977.jpg
1434104|138-21074.jpg
1434108|137-20978.jpg
1434634|137-20979.jpg
1435000|138-21075.jpg
1435021|138-21076.jpg
1435042|138-21077.jpg
1435103|138-21078.jpg
1435124|138-21079.jpg
1435145|138-21080.jpg
1435206|138-21081.jpg
1435227|138-21082.jpg
1435248|138-21083.jpg
1435309|138-21084.jpg
1435330|138-21085.jpg
1435351|138-21086.jpg
1435412|138-21087.jpg
1435433|138-21088.jpg
1435454|138-21089.jpg
1435515|138-21090.jpg
1435536|138-21091.jpg
1435557|138-21092.jpg
1435618|138-21093.jpg
1435639|138-21094.jpg
1435700|138-21095.jpg
1435715|138-21096.jpg
1435718|138-21097.jpg
1435916|138-21098.jpg
1435919|138-21099.jpg
1440509|138-21100.jpg
1440512|138-21101.jpg
1440516|138-21102.jpg
1440519|138-21103.jpg
1440523|138-21104.jpg
1440526|138-21105.jpg
1440530|138-21106.jpg
1440533|138-21107.jpg
1440537|138-21108.jpg
1440602|138-21109.jpg
1440628|138-21110.jpg
1440653|138-21111.jpg
1440719|138-21112.jpg
1440744|138-21113.jpg
1440810|138-21114.jpg
1440835|138-21115.jpg
1440901|138-21116.jpg
1440926|138-21117.jpg
1440952|138-21118.jpg
1441012|137-20980.jpg
1441017|138-21119.jpg
1441043|138-21120.jpg
1441108|138-21121.jpg
1441134|138-21122.jpg
1441159|138-21123.jpg
1441225|138-21124.jpg
1441250|138-21125.jpg
1441316|138-21126.jpg
1441341|138-21127.jpg
1441407|138-21128.jpg
1441432|138-21129.jpg
1441458|138-21130.jpg
1441523|138-21131.jpg
1441549|138-21132.jpg
1441614|138-21133.jpg
1441640|138-21134.jpg
1441705|138-21135.jpg
1441731|138-21136.jpg
1441756|138-21137.jpg
1441822|138-21138.jpg
1441847|138-21139.jpg
1441913|138-21140.jpg
1441938|138-21141.jpg
1442004|138-21142.jpg
1442630|138-21143.jpg
1442633|138-21144.jpg
1442636|138-21145.jpg
1442639|138-21146.jpg
1442642|138-21147.jpg
1443110|138-21148.jpg
1443113|138-21149.jpg
1444903|137-20981.jpg
1444905|137-20982.jpg
1445305|138-21150.jpg
1445307|138-21151.jpg
1445309|138-21152.jpg
1445311|138-21153.jpg
1445313|138-21154.jpg
1445315|138-21155.jpg
1445317|138-21156.jpg
1445319|138-21157.jpg
1445321|138-21158.jpg
1445323|138-21159.jpg
1445325|138-21160.jpg
1445327|138-21161.jpg
1445329|138-21162.jpg
1445331|138-21163.jpg
1445333|138-21164.jpg
1445335|138-21165.jpg
1445337|138-21166.jpg
1445339|138-21167.jpg
1445341|138-21168.jpg
1445343|138-21169.jpg
1445345|138-21170.jpg
1445347|138-21171.jpg
1445349|138-21172.jpg
1445351|138-21173.jpg
1445353|138-21174.jpg
1445355|138-21175.jpg
1445357|138-21176.jpg
1445359|138-21177.jpg
1445639|138-21178.jpg
1445641|138-21179.jpg
1445643|138-21180.jpg
1450006|138-21181.jpg
1450605|133-20194.jpg
1450630|133-20195.jpg
1450700|133-20196.jpg
1450752|133-20197.jpg
1450810|133-20198.jpg
1450820|133-20199.jpg
1450830|133-20200.jpg
1450850|133-20201.jpg
1450906|133-20202.jpg
1450930|133-20203.jpg
1451000|133-20204.jpg
1451039|133-20205.jpg
1451100|133-20206.jpg
1451106|137-20983.jpg
1451120|133-20207.jpg
1451140|133-20208.jpg
1451153|133-20209.jpg
1451210|133-20210.jpg
1451230|133-20211.jpg
1451250|133-20212.jpg
1451310|133-20213.jpg
1451330|133-20214.jpg
1451350|133-20215.jpg
1451410|133-20216.jpg
1451430|133-20217.jpg
1451450|133-20218.jpg
1451539|133-20219.jpg
1451600|133-20220.jpg
1451620|133-20221.jpg
1451640|133-20222.jpg
1451947|133-20223.jpg
1452020|133-20224.jpg
1452040|133-20225.jpg
1452100|133-20226.jpg
1452138|133-20227.jpg
1452214|133-20228.jpg
1452721|137-20984.jpg
1452724|133-20229.jpg
1452726|133-20230.jpg
1452728|133-20231.jpg
1452730|133-20232.jpg
1452732|133-20233.jpg
1452734|133-20234.jpg
1452736|133-20235.jpg
1452738|133-20236.jpg
1452740|133-20237.jpg
1452742|133-20238.jpg
1452744|133-20239.jpg
1452746|133-20240.jpg
1452748|133-20241.jpg
1452750|133-20242.jpg
1452752|133-20243.jpg
1452754|133-20244.jpg
1452756|133-20245.jpg
1452758|133-20246.jpg
1452800|133-20247.jpg
1452802|133-20248.jpg
1452804|133-20249.jpg
1452806|133-20250.jpg
1452808|133-20251.jpg
1452810|133-20252.jpg
1452810|137-20985.jpg
1452812|133-20253.jpg
1452814|133-20254.jpg
1452816|133-20255.jpg
1452818|133-20256.jpg
1452820|133-20257.jpg
1452822|133-20258.jpg
1452824|133-20259.jpg
1452826|133-20260.jpg
1452828|133-20261.jpg
1452830|133-20262.jpg
1452832|133-20263.jpg
1452834|133-20264.jpg
1452836|133-20265.jpg
1452838|133-20266.jpg
1452840|133-20267.jpg
1452842|133-20268.jpg
1452900|137-20986.jpg
1452950|137-20987.jpg
1453040|137-20988.jpg
1453130|137-20989.jpg
1453219|137-20990.jpg
1454903|137-20991.jpg
1454904|137-20992.jpg
1454906|137-20993.jpg
1454907|137-20994.jpg
1454909|137-20995.jpg
1454911|137-20996.jpg
1454912|137-20997.jpg
1454914|137-20998.jpg
1454916|137-20999.jpg
1454917|137-21000.jpg
1454919|137-21001.jpg
1454921|137-21002.jpg
1454922|137-21003.jpg
1454924|137-21004.jpg
1454926|137-21005.jpg
1454927|137-21006.jpg
1454929|137-21007.jpg
1454931|137-21008.jpg
1454932|137-21009.jpg
1454934|137-21010.jpg
1454936|137-21011.jpg
1454937|137-21012.jpg
1454939|137-21013.jpg
1454941|137-21014.jpg
1454942|137-21015.jpg
1454944|137-21016.jpg
1454946|137-21017.jpg
1454947|137-21018.jpg
1454949|137-21019.jpg
1454951|137-21020.jpg
1454952|137-21021.jpg
1454954|137-21022.jpg
1454956|137-21023.jpg
1454957|137-21024.jpg
1454959|137-21025.jpg
1455001|137-21026.jpg
1455002|137-21027.jpg
1455750|133-20269.jpg
1455800|133-20270.jpg
1455805|133-20271.jpg
1455810|133-20272.jpg
1455815|133-20273.jpg
1455820|133-20274.jpg
1455825|133-20275.jpg
1455830|133-20276.jpg
1455835|133-20277.jpg
1455840|133-20278.jpg
1455845|133-20279.jpg
1460751|133-20280.jpg
1460801|133-20281.jpg
1460811|133-20282.jpg
1460821|133-20283.jpg
1460831|133-20284.jpg
1460841|133-20285.jpg
1460851|133-20286.jpg
1460901|133-20287.jpg
1460911|133-20288.jpg
1460921|133-20289.jpg
1460931|133-20290.jpg
1460941|133-20291.jpg
1460951|133-20292.jpg
1461001|133-20293.jpg
1461011|133-20294.jpg
1461021|133-20295.jpg
1461031|133-20296.jpg
1461041|133-20297.jpg
1461051|133-20298.jpg
1461101|133-20299.jpg
1461111|133-20300.jpg
1461121|133-20301.jpg
1461131|133-20302.jpg
1461141|133-20303.jpg
1461151|133-20304.jpg
1461201|133-20305.jpg
1461211|133-20306.jpg
1461221|133-20307.jpg
1461231|133-20308.jpg
1461241|133-20309.jpg
1461251|133-20310.jpg
1461301|133-20311.jpg
1461311|133-20312.jpg
1461321|133-20313.jpg
1461331|133-20314.jpg
1461341|133-20315.jpg
1461457|133-20316.jpg
1461510|133-20317.jpg
1461520|133-20318.jpg
1461542|133-20319.jpg
1461836|133-20320.jpg
1461846|133-20321.jpg
1461856|133-20322.jpg
1461906|133-20323.jpg
1461916|133-20324.jpg
1462226|133-20325.jpg
1462236|133-20326.jpg
1462246|133-20327.jpg
1463627|133-20328.jpg
1463647|133-20329.jpg
1464018|133-20330.jpg
1464028|133-20331.jpg
1464038|133-20332.jpg
1464048|133-20333.jpg
1464058|133-20334.jpg
1464108|133-20335.jpg
1464117|133-20336.jpg
1464418|133-20337.jpg
1464428|133-20338.jpg
1464859|133-20339.jpg
1464903|133-20340.jpg
1464907|133-20341.jpg
1464911|133-20342.jpg
1464915|133-20343.jpg
1464919|133-20344.jpg
1464923|133-20345.jpg
1464927|133-20346.jpg
1464931|133-20347.jpg
1464935|133-20348.jpg
1464939|133-20349.jpg
1464943|133-20350.jpg
1464947|133-20351.jpg
1464951|133-20352.jpg
1464955|133-20353.jpg
1464959|133-20354.jpg
1465003|133-20355.jpg
1465007|133-20356.jpg
1465011|133-20357.jpg
1465015|133-20358.jpg
1465019|133-20359.jpg
1465023|133-20360.jpg
1465027|133-20361.jpg
1470104|133-20362.jpg
1470114|133-20363.jpg
1470124|133-20364.jpg
1470134|133-20365.jpg
1470144|133-20366.jpg
1470204|133-20367.jpg
1470214|133-20368.jpg
1470224|133-20369.jpg
1470234|133-20370.jpg
1470244|133-20371.jpg
1470254|133-20372.jpg
1470304|133-20373.jpg
1470314|133-20374.jpg
1470324|133-20375.jpg
1604830|140-21352.jpg
1604835|140-21353.jpg
1604840|140-21354.jpg
1604845|140-21355.jpg
1604850|140-21356.jpg
1604855|140-21357.jpg
1604900|140-21358.jpg
1635650|140-21359.jpg
1635654|140-21360.jpg
1635658|140-21361.jpg
1635702|140-21362.jpg
1635707|140-21363.jpg
1635711|140-21364.jpg
1635715|140-21365.jpg
1635719|140-21366.jpg
1635724|140-21367.jpg
1635728|140-21368.jpg
1635732|140-21369.jpg
1635737|140-21370.jpg
1635741|140-21371.jpg
1635745|140-21372.jpg
1635749|140-21373.jpg
1635754|140-21374.jpg
1635758|140-21375.jpg
1635802|140-21376.jpg
1635807|140-21377.jpg
1635811|140-21378.jpg
1635815|140-21379.jpg
1635819|140-21380.jpg
1640015|140-21381.jpg
1640020|140-21382.jpg
1640023|140-21383.jpg
1640026|140-21384.jpg
1641028|140-21385.jpg
1641052|140-21386.jpg
1641105|140-21387.jpg
1641119|140-21388.jpg
1641124|140-21389.jpg
1641128|140-21390.jpg
1641135|140-21391.jpg
1642242|140-21392.jpg
1642650|140-21393.jpg
1643058|140-21394.jpg
1643506|140-21395.jpg
1643915|140-21396.jpg
1644323|140-21397.jpg
1644731|140-21398.jpg
1645139|140-21399.jpg
1645913|140-21400.jpg
1650506|140-21401.jpg
1650511|140-21402.jpg
1650524|140-21403.jpg
1650529|140-21404.jpg
1650538|140-21405.jpg
1650822|140-21406.jpg
1650825|140-21407.jpg
1650832|140-21408.jpg
1650834|140-21409.jpg
1650857|140-21410.jpg
1650910|140-21411.jpg
1650931|140-21412.jpg
1651043|140-21413.jpg
1651057|140-21414.jpg
1651109|140-21415.jpg
1651121|140-21416.jpg
1651133|140-21417.jpg
1651145|140-21418.jpg
1651157|140-21419.jpg
1651209|140-21420.jpg
1651222|140-21421.jpg
1651234|140-21422.jpg
1651246|140-21423.jpg
1651258|140-21424.jpg
1651310|140-21425.jpg
1651322|140-21426.jpg
1651334|140-21427.jpg
1651347|140-21428.jpg
1651359|140-21429.jpg
1651411|140-21430.jpg
1651423|140-21431.jpg
1651435|140-21432.jpg
1651447|140-21433.jpg
1651459|140-21434.jpg
1651512|140-21435.jpg
1651524|140-21436.jpg
1651536|140-21437.jpg
1651548|140-21438.jpg
1651600|140-21439.jpg
1651612|140-21440.jpg
1651625|140-21441.jpg
1651727|140-21442.jpg
1651743|140-21443.jpg
1651800|140-21444.jpg
1651817|140-21445.jpg
1651834|140-21446.jpg
1651851|140-21447.jpg
1651908|140-21448.jpg
1651925|140-21449.jpg
1651942|140-21450.jpg
1651959|140-21451.jpg
1652016|140-21452.jpg
1652033|140-21453.jpg
1652050|140-21454.jpg
1652107|140-21455.jpg
1652124|140-21456.jpg
1652141|140-21457.jpg
1652158|140-21458.jpg
1652215|140-21459.jpg
1652232|140-21460.jpg
1652249|140-21461.jpg
1652305|140-21462.jpg
1652322|140-21463.jpg
1652339|140-21464.jpg
1652356|140-21465.jpg
1652413|140-21466.jpg
1652430|140-21467.jpg
1652447|140-21468.jpg
1652504|140-21469.jpg
1652521|140-21470.jpg
1652538|140-21471.jpg
1652555|140-21472.jpg
1652612|140-21473.jpg
1652629|140-21474.jpg
1652646|140-21475.jpg
1652703|140-21476.jpg
1652720|140-21477.jpg
1652737|140-21478.jpg
1652754|140-21479.jpg
1652811|140-21480.jpg
1652828|140-21481.jpg
1652844|140-21482.jpg
1653403|140-21483.jpg
1653407|140-21484.jpg
1653411|140-21485.jpg
1653416|140-21486.jpg
1653420|140-21487.jpg
1653425|140-21488.jpg
1653429|140-21489.jpg
1653433|140-21490.jpg
1653438|140-21491.jpg
1653442|140-21492.jpg
1653447|140-21493.jpg
1653451|140-21494.jpg
1653456|140-21495.jpg
1653500|140-21496.jpg
1653504|140-21497.jpg
1653509|140-21498.jpg
1653513|140-21499.jpg
1653518|140-21500.jpg
1653522|140-21501.jpg
1653527|140-21502.jpg
1653531|140-21503.jpg
1653535|140-21504.jpg
1653540|140-21505.jpg
1653544|140-21506.jpg
1653549|140-21507.jpg
1653553|140-21508.jpg
1653558|140-21509.jpg
1654450|139-21186.jpg
1654502|139-21187.jpg
1654514|139-21188.jpg
1654526|139-21189.jpg
1654538|139-21190.jpg
1654550|139-21191.jpg
1654602|139-21192.jpg
1654614|139-21193.jpg
1654626|139-21194.jpg
1654639|139-21195.jpg
1654652|139-21196.jpg
1654706|139-21197.jpg
1654719|139-21198.jpg
1654733|139-21199.jpg
1654746|139-21200.jpg
1654800|139-21201.jpg
1654813|139-21202.jpg
1654827|139-21203.jpg
1654835|139-21204.jpg
1654900|139-21205.jpg
1654931|139-21206.jpg
1654941|139-21207.jpg
1655001|139-21208.jpg
1655020|139-21209.jpg
1655040|139-21210.jpg
1655104|139-21211.jpg
1682545|139-21212.jpg
1682548|139-21213.jpg
1682551|139-21214.jpg
1682554|139-21215.jpg
1682557|139-21216.jpg
1682600|139-21217.jpg
1682604|139-21218.jpg
1682607|139-21219.jpg
1682610|139-21220.jpg
1682613|139-21221.jpg
1682616|139-21222.jpg
1682620|139-21223.jpg
1682623|139-21224.jpg
1682626|139-21225.jpg
1682629|139-21226.jpg
1682632|139-21227.jpg
1682636|139-21228.jpg
1682639|139-21229.jpg
1682642|139-21230.jpg
1682645|139-21231.jpg
1682648|139-21232.jpg
1682652|139-21233.jpg
1682655|139-21234.jpg
1682658|139-21235.jpg
1682701|139-21236.jpg
1682704|139-21237.jpg
1682708|139-21238.jpg
1682711|139-21239.jpg
1682714|139-21240.jpg
1682717|139-21241.jpg
1682720|139-21242.jpg
1682724|139-21243.jpg
1682727|139-21244.jpg
1682730|139-21245.jpg
1682733|139-21246.jpg
1682736|139-21247.jpg
1682740|139-21248.jpg
1682743|139-21249.jpg
1682746|139-21250.jpg
1682749|139-21251.jpg
1682752|139-21252.jpg
1682756|139-21253.jpg
1682759|139-21254.jpg
1682802|139-21255.jpg
1682805|139-21256.jpg
1682808|139-21257.jpg
1682812|139-21258.jpg
1682815|139-21259.jpg
1682818|139-21260.jpg
1682821|139-21261.jpg
1682824|139-21262.jpg
1682828|139-21263.jpg
1682831|139-21264.jpg
1682834|139-21265.jpg
1682837|139-21266.jpg
1682840|139-21267.jpg
1682844|139-21268.jpg
1684726|134-20452.jpg
1684731|134-20453.jpg
1684736|134-20454.jpg
1690156|134-20455.jpg
1690449|134-20456.jpg
1691248|134-20457.jpg
1691450|134-20458.jpg
1691500|134-20459.jpg
1691510|134-20460.jpg
1693033|134-20461.jpg
1693053|134-20462.jpg
1693113|134-20463.jpg
1693133|134-20464.jpg
1693153|134-20465.jpg
1693213|134-20466.jpg
1693233|134-20467.jpg
1693253|134-20468.jpg
1693313|134-20469.jpg
1693323|134-20470.jpg
1693349|134-20471.jpg
1693419|134-20472.jpg
1693917|134-20473.jpg
1693917|134-20475.jpg
1693937|134-20476.jpg
1693946|134-20474.jpg
1694000|134-20477.jpg
1694010|134-20478.jpg
1694015|134-20479.jpg
1694719|134-20480.jpg
1694729|134-20481.jpg
1694738|134-20482.jpg
1694743|134-20483.jpg
1694748|134-20484.jpg
1694753|134-20485.jpg
1694758|134-20486.jpg
1694803|134-20487.jpg
1694808|134-20488.jpg
1695749|134-20489.jpg
1695759|134-20490.jpg
1695809|134-20491.jpg
1701047|134-20492.jpg
1701057|134-20493.jpg
1701107|134-20494.jpg
1701113|134-20495.jpg
1701117|134-20496.jpg
1701122|134-20497.jpg
1701210|134-20498.jpg
1701215|134-20499.jpg
1701225|134-20500.jpg
1701235|134-20501.jpg
1701245|134-20502.jpg
1701437|134-20503.jpg
1701447|134-20504.jpg
1701457|134-20505.jpg
1701735|134-20506.jpg
1702526|134-20507.jpg
1702644|134-20508.jpg
1702654|134-20509.jpg
1702704|134-20510.jpg
1702714|134-20511.jpg
1702724|134-20512.jpg
1702734|134-20513.jpg
1731803|134-20514.jpg
1731813|134-20515.jpg
1731823|134-20516.jpg
1731833|134-20517.jpg
1731843|134-20518.jpg
1731853|134-20519.jpg
1731903|134-20520.jpg
1731913|134-20521.jpg
1731918|134-20522.jpg
1731923|134-20523.jpg
1731928|134-20524.jpg
1731933|134-20525.jpg
1731938|134-20526.jpg
1731943|134-20527.jpg
1731948|134-20528.jpg
1731953|134-20529.jpg
1731958|134-20530.jpg
1732008|134-20531.jpg
1732018|134-20532.jpg
3043100|S72-55830.jpg
3043145|S72-55834.jpg
3043155|72-H-1550.jpg
3043201|72-H-1552.jpg
3043205|S72-55837.jpg
